-0.1382889245409202,-0.0011263142251728016,0.9002610747674944,0.3799080963625553,0.4427766961592108,0.9994986646177659,0.7100003,0.04254308
-0.1382889245409202,-0.0011263142251728016,0.9002610747674944,0.3799080963625553,0.4427766961592108,0.9994986646177659,0.7100003,0.04254308
-0.16130056916731367,-0.001073753934890628,0.9411257867952868,0.27872642308518586,0.3330007271601284,0.8581633202172168,0.74302804,0.0860335
-0.1899918483689633,-0.0013115930620270465,0.9611649431869794,0.28853164472573406,0.34348013574152936,0.7331624555420765,0.7458347,0.1094105
-0.22014641776637012,-0.0016848633850587572,0.9896846981123275,0.289369869887105,0.3440730903936843,0.697923370244468,0.74671954,0.12482962
-0.2495220278661376,-0.002215319909157647,0.8198793845898514,0.21827072696344538,0.3454742028446438,0.6991114290808276,0.7221337,0.10584359
-0.2754655194235241,-0.002718129429923256,0.8490055230114876,0.21980047213216736,0.34660862024354055,0.7179336303424841,0.72735685,0.105575316
-0.29609270269115967,-0.0030789295662326847,0.8746031220296067,0.22172838505768844,0.34816771889458203,0.76926758303991,0.7310672,0.09853761
-0.31163407306128255,-0.0032742460024521042,0.8949459586707811,0.22330638009756207,0.34943725360489575,0.8153840388195033,0.7314549,0.09428044
-0.30192314446474006,-0.0031728829134116247,0.9104353902036862,0.22378877003870754,0.349663982758728,0.9585627272739262,0.7318642,0.07418521
-0.2801293077612057,-0.002967310300794956,0.9009075597045851,0.22289885659936293,0.3488469931655426,0.847231473044676,0.7305182,0.090812065
-0.2487631227684193,-0.0026548244818844343,0.8794127619875278,0.2214133424962496,0.3475052871279163,0.7387231532629636,0.7329672,0.10503197
-0.2097527261176151,-0.0020774242022830415,0.8483346971417537,0.2198946737932028,0.3462036760361019,0.6335998199730418,0.72055066,0.129749
-0.164420447378007,-0.00108592451808963,0.8097275934149678,0.21775124473376262,0.34436341910913587,0.5716453798603942,0.7152069,0.13971393
-0.11420590648201064,0.00041684166410263426,0.9652833393652933,0.28518706166493296,0.3399993383302262,0.5369807222164704,0.73127,0.16811392
-0.05996918690277626,0.0025414271901281977,0.9163246031779237,0.279740659769889,0.3355275415340845,0.4618667240484966,0.719502,0.1822681
-0.0018695597181752623,0.005492163977937916,0.863699655879418,0.27292825301826756,0.3296244824581761,0.4461154626789924,0.71232873,0.1792706
0.0591109268264388,0.00923635179446698,0.8075757872952445,0.26469985163392773,0.32211670465997544,0.4010735296843777,0.7026531,0.1846775
0.12282341074413468,0.013819284901624294,0.9509361655343778,0.3204215964653666,0.3113365627727537,0.3682753252519313,0.72292864,0.21300694
0.1886610290810166,0.019422826672113848,0.8902917417100006,0.30874012691936775,0.30119473864164725,0.3641447993052793,0.7164723,0.20712073
0.25668842664797514,0.02623537421906138,0.8274899023320292,0.29699485626503225,0.29055185920868953,0.3097461881893353,0.7057785,0.21538398
0.32673751772747406,0.03420209875620104,0.9666631079994221,0.34254278692659246,0.276626146063249,0.3201591575408963,0.7294822,0.23337184
0.3981950090729214,0.04347535435087823,0.9007184097069536,0.3269277417274103,0.2632135595888375,0.28028986684512025,0.7240689,0.23222575
0.471467076873638,0.05426037152520436,0.8330878391738588,0.31179211270908114,0.24958948773191023,0.26520596487474946,0.7148064,0.22748883
0.5461232119153936,0.06645357877627017,0.9698490132493777,0.3450758998525278,0.23225736981567127,0.26644403637540437,0.72860295,0.23675682
0.6218794771661266,0.0801004545037097,0.8996915828848613,0.3263166115245246,0.21617632242309318,0.21983987614457534,0.68689585,0.2129495
0.6988955852489672,0.09529450581518573,1.0355505128261082,0.34995641926109694,0.19708264683062257,0.2306769777156984,0.70103526,0.225654
0.7763066732463372,0.11174552183326976,0.9627815354218305,0.32948120519635904,0.1804879385711535,0.2161672100525427,0.6828361,0.21717733
0.8541435146401887,0.12968227900785928,0.8890988987112441,0.31017120851498503,0.16369627734733352,0.18805134237590515,0.6842464,0.1950297
0.9322458996926708,0.1488427953418554,1.023384466680951,0.3231376696262473,0.14442171828178688,0.21426288963817808,0.67606646,0.22017013
1.010236222147376,0.1692278314740919,0.9482468436469076,0.3030695843074511,0.1278197257016321,0.18915517621532008,0.68132645,0.19882634
1.0882083251318742,0.19102787315163317,0.8723524893815167,0.28509421451464123,0.11205169961194658,0.18342897438406747,0.6905631,0.19016665
1.1662124633877524,0.21392962005063096,1.005972626798647,0.2882473458441812,0.09309927480448862,0.20686462674745476,0.6803897,0.21058328
1.2441067247805309,0.23808389463457508,0.9292896919745273,0.2689408432894521,0.07680632416510996,0.17250341939390657,0.6841623,0.18359205
1.3219639619074972,0.2636148992187854,1.0622530569167297,0.2642774765332607,0.05774385691964928,0.18291007967874395,0.67588377,0.18029842
1.39965651385511,0.2901292472125838,0.9841742312799389,0.24547307351237016,0.042915936058493476,0.19324948666341402,0.6924328,0.17109878
1.4770813704006327,0.31768975827399387,0.9058632523664812,0.2272502340375154,0.027200541592317384,0.16130024598440096,0.6976399,0.14419828
1.5546658318964677,0.3462968989225443,1.0374019783571053,0.2136574642937568,0.008635828133110979,0.18438089230752874,0.69736856,0.12957945
1.63227909959604,0.3756709465341561,0.9576012598957606,0.1968455433289479,-0.0051825817830917775,0.1777053534094939,0.7090195,0.11503464
1.710044864019242,0.405847234988274,1.0872913207813537,0.17753561767144455,-0.022988327015904197,0.15034059244896414,0.6972637,0.07936119
1.710044864019242,0.405847234988274,1.005787589180453,0.16365204711073525,-0.03400696266284203,0.17593021765969608,0.7167574,0.08116963
1.8664362194498143,0.4680504824487301,1.0073727620202477,0.15359292110204584,-0.04400024738956115,0.17593021765969608,0.722275,0.07260019
1.945095809820167,0.5000632539965133,1.0498022716616358,0.13143389599041036,-0.05717592808669453,0.13833363818160427,0.71958095,0.04324898
2.0242877674843736,0.5326533531589033,0.9658024331966725,0.12270784122875682,-0.06435258143226591,0.16260699749851337,0.73671675,0.048585497
2.103821586833106,0.5655590665435857,1.0898298514012021,0.09961466719829679,-0.0763758936901221,0.13990771557277015,0.7285049,0.019971374
2.103821586833106,0.5655590665435857,1.0042792080713328,0.09307128191633138,-0.08174031739963539,0.12050084452182885,0.7363639,0.01298986
2.2647913960913417,0.6326272943552445,1.0046240732639788,0.08927184718837435,-0.0855229088594277,0.12050084452182885,0.7384763,0.00976266
2.2647913960913417,0.6326272943552445,1.038707041209552,0.06554456775600666,-0.09489256357405501,0.12099401739235327,0.74243236,-0.005997967
2.3460452854589557,0.6664996374452791,1.0388205861807345,0.06371967943845085,-0.09664935161783322,0.12099401739235327,0.74342597,-0.0075207204
2.4279368303331195,0.7005831058322545,0.9508506993543178,0.0626246830500336,-0.09762204684732617,0.10057518630262852,0.7487001,-0.010527331
2.510530617920546,0.7348272725684735,1.0697500416047432,0.04036616143079599,-0.10459404193138627,0.12386101762236779,0.7474752,-0.021607686
2.594433112192855,0.7695267393022126,0.9803215576631601,0.04091169416285125,-0.10417172113006118,0.10564952907508485,0.7524913,-0.02254014
2.677265040571307,0.803567410153119,1.0965216541785483,0.018727173163585548,-0.11036826926767868,0.08022816695424584,0.77416426,-0.035004955
2.8465468142779686,0.8724414759065983,1.0069430036326523,0.020337297678616702,-0.10908164655480806,0.10295212290291533,0.7542119,-0.035746265
2.8465468142779686,0.8724414759065983,0.9157777497290079,0.022332688809938595,-0.10733796547670021,0.09434404244045125,0.7604685,-0.032317687
2.9322446971416585,0.9068057730338868,1.0306456730769957,0.0011270749481828229,-0.11256100788641282,0.062358727963735316,0.7790057,-0.04676814
3.019467572285516,0.941502082551498,0.9383071806113377,0.004617080548143605,-0.10953384971480967,0.07742620812934342,0.76533854,-0.04455403
3.105650772945482,0.975363878970696,1.0504866558157435,-0.01588125667470036,-0.11417479845980516,0.08581355624071829,0.7597103,-0.059174713
3.193387443435407,1.009400365989091,0.9579362233227584,-0.012084924126222476,-0.11098881761091661,0.04876616477042539,0.78228235,-0.053600278
3.370790664250829,1.0767228334206185,1.069479151204284,-0.0313967012491053,-0.11484801265588057,0.04915316122697644,0.7825935,-0.06650026
3.370790664250829,1.0767228334206185,0.9749413032293717,-0.02640070961731945,-0.1106566390783566,0.06921546075195673,0.76592314,-0.062889904
3.550727547593385,1.1426843654056629,1.0851494762253817,-0.04461064630057458,-0.11413389041809946,0.04403313228243233,0.7842227,-0.07337518
3.550727547593385,1.1426843654056629,0.9888146533128519,-0.0384571297593197,-0.10905819479672735,0.02324392252426777,0.7962366,-0.0660688
3.641670261132068,1.1750538770063528,0.8939278435395679,-0.032013240506633366,-0.10319561908103386,0.047540714154277186,0.77727723,-0.060672563
3.733278004816696,1.2070125539837575,1.0024801867275754,-0.047924904684830336,-0.10606085690851408,0.04367491280591995,0.78133357,-0.07063332
3.825510837761108,1.2386644442201378,0.9057430278647702,-0.04088032855984622,-0.09974839782501244,0.01188787696261795,0.8014097,-0.061282497
3.9192601467681185,1.2701922405594093,1.0129872123491508,-0.05602412431309712,-0.10287460481065638,0.017792041324108165,0.7987347,-0.07156089
4.011803021734453,1.3007196340807912,0.9143875797527632,-0.04948389767159017,-0.09709868675165426,0.03411898266536506,0.78512096,-0.06574367
4.105892106854713,1.3311242239737044,1.021350699191711,-0.06400787312827394,-0.10053585115957209,0.012388005418934811,0.80166936,-0.074248254
4.200603929821089,1.3610435765066788,0.9228319507448324,-0.05730885972030103,-0.09465940890013669,-0.008970993712543285,0.8142566,-0.0660457
4.2959109781168845,1.3904749688400369,1.0276148128131333,-0.07050844673911488,-0.09773904918091014,0.010506556952772805,0.8024731,-0.07596251
4.392811739240885,1.4196862093633305,0.9282842527077378,-0.06344857911207152,-0.0915820324795491,0.01648165264371504,0.79619634,-0.06896664
4.488372670032839,1.4477851172960752,1.0308489519836919,-0.0759075340408557,-0.09493367906681605,-0.008391658903435628,0.8151693,-0.07604931
4.585473593298755,1.475617630326727,0.9317287220576548,-0.06827644694900876,-0.08826407471168685,-0.022244551665811185,0.82288843,-0.06718217
4.683152966921326,1.5029040490497887,1.0341868306346107,-0.07962923860580154,-0.09153280943823591,-0.00014539076297470643,0.8095296,-0.07631488
4.781443773810679,1.5296429256766786,0.9332784725811123,-0.07197640587250272,-0.08486736830108285,-0.004694892849200105,0.8107101,-0.06800704
4.881322853452934,1.5560989510512115,1.0345402386542235,-0.08285234260839439,-0.08861270042168601,-0.034140087890131454,0.8330483,-0.0741709
4.979737643314464,1.5814652036402863,0.9317532942735293,-0.0751298259630597,-0.08188797617483434,-0.039659130594223546,0.834835,-0.065745324
5.07973349989686,1.6065307787553564,1.0329273673640718,-0.08534917961105112,-0.08580653827446458,-0.014366617495833012,0.8193047,-0.07486439
5.18139342328332,1.6312663367892313,0.9303734465672874,-0.07788239531224797,-0.07930732708788232,-0.024143579086587597,0.82395375,-0.06649642
5.281562599901678,1.6549101846050835,1.0282368312617867,-0.08750437330027357,-0.0834217558958738,-0.048211077683612436,0.842585,-0.07253116
5.485565516898308,1.70084925795541,0.925889052959273,-0.0797581589212976,-0.0766215732400291,-0.05091857001671363,0.8424645,-0.06419855
5.485565516898308,1.70084925795541,1.0227237176893764,-0.08873923073310984,-0.08085069616423732,-0.035317509264291225,0.83364224,-0.072280616
5.588477535194685,1.722957370609021,0.9195420473149761,-0.08115904378485073,-0.07416691118996452,-0.040176620585155476,0.83491206,-0.064012185
5.692961064642464,1.74470659036648,1.0161464333045556,-0.09013780107534955,-0.07898478381668061,-0.06755050363560366,0.85576445,-0.069979966
5.795845858943455,1.765420864555676,1.0059824995921556,-0.09832480547918748,-0.08423413824543241,-0.050735503341179156,0.8407158,-0.07966483
5.901340220041656,1.7859598892484447,1.0066175657397172,-0.09159494092168845,-0.0775464315416482,-0.050735503341179156,0.84361386,-0.07093884
6.005319510754283,1.8053072222288629,0.8997002252014822,-0.08455038380346729,-0.07126586193539958,-0.049699483130016375,0.84040713,-0.06366539
6.110692999835943,1.8240918937880972,0.9953054586291248,-0.09237034672462356,-0.0758978529781111,-0.07809519298774048,0.8622082,-0.068764076
6.2175494655312304,1.8424633792990697,1.0893843507887748,-0.10003023141551173,-0.08037200107016049,-0.08782309182903636,0.8710517,-0.07477377
6.3228159533717525,1.8598479425948535,0.9816449860222034,-0.09158616927190735,-0.07327412522543333,-0.07485984113716948,0.8600056,-0.06680344
6.430835019966233,1.8768715184820224,1.075728843394428,-0.10044048509557735,-0.07919311268326792,-0.06294060738907303,0.85327035,-0.075816736
6.537239002673696,1.8928932634588536,0.967044544556344,-0.09225660976587473,-0.07231746562519567,-0.08049028014685478,0.8632396,-0.066372514
6.6451291864279245,1.908356166836848,1.0601061794591577,-0.10003914768334873,-0.07754934127203575,-0.1057740574313406,0.8826365,-0.07208532
6.754530397797402,1.92319985277979,0.9517868433971154,-0.09190393050216253,-0.07058827750746419,-0.09578161399403262,0.8735264,-0.06422731
6.86234854663203,1.93707116680289,1.0419129577555246,-0.09914307673760364,-0.07569652271167308,-0.08356409402647924,0.86690706,-0.07177289
7.081621807276188,1.962976827226536,0.9338602027114213,-0.09128229626755326,-0.06888228769994463,-0.09009733588108326,0.8691833,-0.06320545
7.191801787985106,1.9748261602685295,0.9134332785261968,-0.09724067522513896,-0.07444966148793289,-0.12235403989309446,0.88807577,-0.06902124
7.191801787985106,1.9748261602685295,1.0028853561528872,-0.1046271953480008,-0.07951500859895347,-0.10558577794720447,0.8782433,-0.07690041
7.413523253840129,1.9963247026133224,1.0035985236257698,-0.09754942833490553,-0.07246014239375645,-0.10558577794720447,0.88129795,-0.06770769
7.413523253840129,1.9963247026133224,0.9808616879070761,-0.10510360601011663,-0.07935833570093581,-0.11322778938360711,0.88237524,-0.07688829
7.636721928156962,2.0145189940178563,1.068027978502221,-0.11248123807173435,-0.08425714959328798,-0.13034743161663376,0.89597243,-0.08267693
7.748909729171354,2.022263448396036,0.9578228524718163,-0.10347070981823805,-0.07731824597552536,-0.1348074919226372,0.8969781,-0.07348497
7.748909729171354,2.022263448396036,1.0455216120259185,-0.11035746597405587,-0.08209265986190666,-0.11909065327550472,0.88795674,-0.0808208
7.974785033069675,2.0351224400572985,0.9323398010862518,-0.10021538392285205,-0.07403576899694629,-0.11464101135519433,0.883114,-0.07072787
7.974785033069675,2.0351224400572985,1.0202838294218115,-0.10721991028989983,-0.07933119588170862,-0.13227241728268746,0.8971018,-0.07653424
8.20168682255095,2.0445037661947842,0.9065714638750758,-0.09670845391347375,-0.07064686872297438,-0.1468618782325335,0.9056515,-0.06466478
8.315622631379478,2.04791039493154,0.9942627003449598,-0.10368163442272726,-0.07627336302876081,-0.1496380361795504,0.9092592,-0.0715635
8.315622631379478,2.04791039493154,1.0806068147307042,-0.10990809853201837,-0.08078033870039533,-0.13449863157928332,0.90077,-0.078300014
8.544806730481781,2.052272658507587,0.9658714809585093,-0.10006615503005026,-0.07303632083874637,-0.12988999493735554,0.8956084,-0.06863427
8.660933986260632,2.053064951826469,1.0524579051692269,-0.10809328107006724,-0.0794723229034891,-0.1452610955954221,0.9074989,-0.07600245
8.774882402669245,2.0530142555728914,1.0533409182658946,-0.09911967247954218,-0.07094961487181178,-0.1452610955954221,0.9112816,-0.06464484
8.890288259832445,2.0520662920529675,1.02378250305515,-0.10428900340058374,-0.0763927895399481,-0.16666601024163685,0.92238766,-0.07065199
8.890288259832445,2.0520662920529675,0.9092105761865371,-0.09424508797403158,-0.06812716187308754,-0.15236800747455792,0.9106669,-0.061067093
9.12220123630504,2.047773239974881,0.993024840089901,-0.10033956306394626,-0.07302511476958178,-0.1458446339914803,0.907974,-0.067523494
9.12220123630504,2.047773239974881,1.078786389108341,-0.10826914016837036,-0.07911679755073207,0.8465918733978479,0.96191937,-0.06665258
9.354966883993738,2.040232716467703,1.0796115058182982,-0.09970595038892079,-0.07118207441979464,0.8465918733978479,0.9640349,-0.06083865
9.47212859538612,2.035203321534762,1.047721104367891,-0.10651589586695413,-0.07755052955868104,0.814415594243878,0.97360253,-0.059282344
9.47212859538612,2.035203321534762,0.9312607461768472,-0.09687420649586762,-0.06973715967167272,0.8174176368506987,0.9420748,-0.06296174
9.708741869382507,2.0227705875068267,0.9319119109757638,-0.09039568261572206,-0.0627828951317403,0.8174176368506987,0.94377637,-0.05820394
9.828891133880528,2.015236579496869,0.8963046402994763,-0.0965047625813495,-0.06897409361045925,0.8262829250286055,0.9272382,-0.06760515
9.946815921043596,2.0070109576107256,0.8969863077946086,-0.08994854669338478,-0.0616621884399092,0.8262829250286055,0.9289937,-0.062685564
10.06588171188446,1.9978194144662649,1.0612826634759023,-0.11183151006948107,-0.0793851441516534,0.7955471103144409,0.988012,-0.055609856
10.06588171188446,1.9978194144662649,0.9426915167332108,-0.10227544081061861,-0.0717809953121741,0.7887097877184812,0.9619144,-0.05693003
10.304742409127206,1.977168692261776,0.9434122917299176,-0.09539816207177584,-0.06448845051219368,0.7887097877184812,0.96372026,-0.051910777
10.426031905603187,1.9655669760167185,0.9059401356064631,-0.10190615194827882,-0.07013126830475433,0.8053992576013189,0.94187224,-0.06346868
10.545193529208344,1.9534079565166624,0.9867747290286676,-0.10963096834128673,-0.07480784075285907,0.8074526492471614,0.96115535,-0.06207392
10.665532072357172,1.940220104861149,1.0699052714583228,-0.11892573143778656,-0.08028481263123027,0.7974807863925495,0.9881656,-0.058098633
10.665532072357172,1.940220104861149,0.949641831836837,-0.11017185040232831,-0.07345823330571469,0.7806075732688855,0.9675949,-0.057417173
10.906943349944358,1.9113841561428289,0.9503888922433029,-0.10352970055034391,-0.06646663815858075,0.7806075732688855,0.9693477,-0.052585002
10.906943349944358,1.9113841561428289,0.9107114904000989,-0.11011753409803879,-0.07127761476086283,0.7695117626600243,0.96403325,-0.056601573
11.149324115492297,1.879394234371,0.9114807196817536,-0.10355765404370083,-0.06407765892779005,0.7695117626600243,0.96580195,-0.0517161
11.270684413518234,1.8622372786371832,1.074393332963383,-0.12653596973991432,-0.07928384855097328,0.7903509344319997,0.9928803,-0.057935987
11.270684413518234,1.8622372786371832,0.952658135641337,-0.1180421739558188,-0.07257114825390876,0.7878055388489844,0.9630659,-0.0613225
11.513819212870258,1.8254554381178816,0.9533767858880463,-0.11209006363465887,-0.0663256268247735,0.7878055388489844,0.96464807,-0.05699599
11.636655058324754,1.8055736137611815,0.9121714613329996,-0.11934395139648037,-0.07096393500730566,0.756664691403431,0.9711574,-0.055924583
11.756991065950418,1.7853307291494365,0.9130305110845229,-0.11258347762456317,-0.06355605033702724,0.756664691403431,0.9729971,-0.05088922
11.878601062790668,1.7641335445154838,1.076740000456542,-0.1343748861321922,-0.07656080311013813,0.7591513680215602,1.0002702,-0.057579312
12.001519455144388,1.741916492538228,0.9542291790146683,-0.1254709375555365,-0.0694656909087186,0.7714690458013604,0.97287124,-0.058074545
12.122231745478372,1.7192418296334957,0.9549838870284598,-0.11959121109047766,-0.06330639105751862,0.7714690458013604,0.9744453,-0.053801116
12.122231745478372,1.7192418296334957,0.9133858871717297,-0.126109209286382,-0.0669455396267172,0.772236500935854,0.96144783,-0.06067208
12.365774620352983,1.6710655727575716,0.9142740552899696,-0.11950005596215324,-0.05971320459317167,0.772236500935854,0.96325856,-0.05574933
12.487201713269622,1.645773843190555,1.079038052006203,-0.13963548918097365,-0.07097386736370986,0.7470397247164249,0.99762446,-0.059459258
12.487201713269622,1.645773843190555,0.9559918370855787,-0.13048063995131856,-0.06375896047759955,0.7435128353345501,0.989999,-0.050161477
12.729838046695788,1.592815637283934,0.9568470360346866,-0.1240537770807497,-0.05703927407060602,0.7435128353345501,0.9921611,-0.045279015
12.729838046695788,1.592815637283934,0.9161406186707958,-0.12882069667688134,-0.05932876671210702,0.7614642297358074,0.9692141,-0.055599485
12.972874322185833,1.5369272504284706,0.998553967208974,-0.13371091532319565,-0.060031362974062585,0.7651344011840775,0.9886933,-0.052105952
13.094194050086992,1.507814066617187,1.08346244403373,-0.14027911101305748,-0.0622220177503377,0.7665567226143819,1.0039852,-0.052218903
13.094194050086992,1.507814066617187,0.9595631896263487,-0.13219956858949874,-0.055952928849225675,0.753777374671712,0.98565125,-0.050041053
13.33680782145507,1.447337887235131,1.0424666212668945,-0.13679733494821328,-0.05668954766024689,0.7442003676858886,1.005136,-0.047318656
13.33680782145507,1.447337887235131,0.919325815410774,-0.129889740531723,-0.051304063919137916,0.7316954393588111,0.98776126,-0.04535045
13.579412592768469,1.3840222332504033,1.0023763836141435,-0.13336822403389897,-0.05128506656483703,0.7312964048937467,1.0063889,-0.041850936
13.700700981071927,1.351381418778284,1.0879601524574294,-0.13807905141897073,-0.05240082472985608,0.7463835960617093,1.0052801,-0.04971673
13.700700981071927,1.351381418778284,0.9631664324637524,-0.13051737146493966,-0.046426259404290904,0.7557747785317861,0.986564,-0.0461764
13.94327444186652,1.284002442895763,0.9638229488363295,-0.12557740312457283,-0.0412991346087731,0.7557747785317861,0.9878879,-0.042602103
13.94327444186652,1.284002442895763,0.9222352794612166,-0.12837263196946036,-0.04251551537484777,0.7489395420191087,0.9802826,-0.04532649
14.18521932248589,1.2140853840396153,0.9230034520998868,-0.1227276282398014,-0.03639708091655991,0.7489395420191087,0.98182595,-0.041143257
14.305828355550128,1.1782327383745193,1.0920491905469267,-0.13340984289336905,-0.042072982536050796,0.7269133289780849,1.0081494,-0.045563143
14.4274731739733,1.1414187644431193,0.966964810850282,-0.1261959381896609,-0.036422492624377634,0.7265361543317175,1.0068235,-0.033053275
14.54789707883464,1.1043813497071189,1.0511888316839377,-0.1277790777284007,-0.03590558651710368,0.7304025328771038,1.0151267,-0.03490292
14.667169160366933,1.0672391808857735,0.9257520614271167,-0.12213860228746845,-0.031523739749028945,0.7409799100979388,0.9880194,-0.03678495
14.787589625650437,1.0291712169474867,1.012436209035406,-0.12323487210324326,-0.030808313875546944,0.7530235033581067,1.0041498,-0.0334411
14.90785619088732,0.990606255370804,1.0979497130054132,-0.1244707292554882,-0.030348823283729398,0.7513304105855798,1.0254358,-0.028372932
14.90785619088732,0.990606255370804,0.972165290043637,-0.11902248578046748,-0.026164927942017246,0.7398237438837245,1.0022961,-0.02989586
15.02927471405802,0.9512096368197694,1.056568076377359,-0.11959203718965558,-0.025412897235489673,0.7320172902561846,1.0264485,-0.023365464
15.268367372447521,0.8723867211079201,1.0569705283714612,-0.11598128095981386,-0.02199611297714732,0.7320172902561846,1.0309803,-0.018756714
15.388499068314253,0.8322880201253233,1.017409992417473,-0.11600477784889913,-0.021622987581339792,0.720667632040839,1.0272144,-0.018625569
15.508643080564529,0.7919189608274256,1.103168468506906,-0.11625647911600007,-0.020661901142023653,0.7309963091980767,1.0291924,-0.023396287
15.62995387757679,0.7508179625492879,0.9767222527153216,-0.1129461071506431,-0.01806849583462261,0.7418007568410985,1.0039078,-0.025067855
15.62995387757679,0.7508179625492879,0.9769654926354046,-0.11082241772059594,-0.015894465108731326,0.7418007568410985,1.0044636,-0.02354556
15.868800547742175,0.6687088170577767,1.0612943318582553,-0.11191770416693803,-0.015953926823590536,0.7456087362313235,1.0249336,-0.018472593
15.988697450071884,0.626994284245686,1.021348243570502,-0.11132272270445989,-0.014986572987424618,0.7318093021181531,1.0227058,-0.017293189
16.108532932636887,0.5850519984509948,0.894744072738793,-0.10762846591718007,-0.011878244034404128,0.7202974974881238,0.9960953,-0.021564025
16.108532932636887,0.5850519984509948,0.98048796216891,-0.1071501052183104,-0.010641813034631076,0.7139183524438344,1.0235376,-0.012664717
16.22949742857633,0.5424023678789421,1.064954761226059,-0.10663930036259299,-0.009468441979052222,0.7147068001790156,1.0385132,-0.010326508
16.46764938604234,0.45776371741399424,1.065156657254979,-0.1046034384964229,-0.007556935164328038,0.7147068001790156,1.041221,-0.007591855
16.58734293603741,0.415034685122328,1.025199708278411,-0.10292961431192116,-0.005791992025284687,0.7399972252931486,1.0207195,-0.013016749
16.707018969240817,0.3721674203089556,0.898262196573682,-0.10116072742848314,-0.004283956836651948,0.7453020075713783,0.98328483,-0.02303033
16.707018969240817,0.3721674203089556,0.98381371120492,-0.10064930323530252,-0.003289503354603207,0.7405769255670149,1.0096395,-0.014667932
16.827751604336814,0.3285917260536866,0.983914111549051,-0.09966304074827148,-0.0022870655244962013,0.7405769255670149,1.0098933,-0.013964649
17.06510464826487,0.2420916369615104,1.0682561511317272,-0.09797791127486821,-0.000388604959591643,0.7356000093934905,1.0363145,-0.004908424
17.18432887321013,0.19841315253567496,1.0283497422044456,-0.09426708517043587,0.002728079964167518,0.713964592337822,1.0395244,0.00018304214
17.303602070882235,0.1547326976450439,0.9015514861709941,-0.09207867032390958,0.004601547383924431,0.718911011225841,1.0024381,-0.009451095
17.303602070882235,0.1547326976450439,0.9870506314086989,-0.08926560965682004,0.007096991024615806,0.7303355874233348,1.0193074,-0.004099276
17.543375829722326,0.06663373699706598,0.9870891005396385,-0.08883921221826828,0.007528974055016735,0.7303355874233348,1.0194156,-0.0037961043
17.6615097826254,0.02313713714737198,1.0710535565088146,-0.08647978391236183,0.009385497071281834,0.7361876899529796,1.0391675,0.0025402121
17.6615097826254,0.02313713714737198,1.0302493537713706,-0.08283944866686463,0.012178114899180525,0.7392939101603193,1.0268987,0.00080761686
17.780825467172683,-0.0207909859788702,1.0302872947233903,-0.08236622811149594,0.012637432667097603,0.7392939101603193,1.0270157,0.0011361279
17.900153098607163,-0.06466104491181912,0.9031595160489967,-0.08214372133698658,0.012849735164406018,0.7273604094053374,0.99978656,-0.0052731372
18.020686925349427,-0.10896403855230044,0.9879365704334273,-0.07924112674345427,0.014942240837821419,0.7167534460989431,1.02996,0.005787555
18.13999424404632,-0.1528928517514115,1.0712274433927322,-0.07569278793056936,0.017553856873092855,0.7131778296847466,1.0541058,0.016649652
18.25814597742415,-0.1963154142389057,0.9441014435002029,-0.07548560192349872,0.017707576994752117,0.7140067728562542,1.0204726,0.005413424
18.37761606512677,-0.2399757715760727,1.0297004553588502,-0.07106851870574431,0.02091992120823033,0.7296518433336796,1.0350555,0.0104334615
18.497177666723143,-0.2834644593625192,0.9024317981957036,-0.07223021960816614,0.01993149977763814,0.7400426534063207,0.99378216,-0.0028501563
18.61796280134014,-0.32730475609772464,0.986293856765789,-0.06927698265135694,0.021817231366510703,0.7441005938132901,1.0146874,0.004160717
18.737533524016914,-0.3707091086306317,1.0686449123191777,-0.06504108808068743,0.024874149481263264,0.7420120423776848,1.0392373,0.01355293
18.855862300113508,-0.413627147200779,0.9413990306060884,-0.06571427265996191,0.0242478228719632,0.732297414192318,1.0104148,0.0059369914
18.9754459038835,-0.456786191395208,1.0261011393511577,-0.059850563520085484,0.028513888199185822,0.7162753741858845,1.0444905,0.020213138
19.09509470841759,-0.4997921412239693,0.8989170523798762,-0.060827323750664755,0.027674778833058966,0.7122709979816244,1.0121183,0.010898117
19.216038261972113,-0.5430515486696981,0.9819238952571043,-0.055638534045803795,0.031087663914790953,0.7185304998331168,1.0318787,0.018552098
19.335882837024,-0.5856662859389246,1.0632655295017948,-0.04957400906920889,0.03510959277669884,0.7245637374655471,1.0511897,0.026948752
19.45465490643327,-0.6276337609313101,0.9359739319842195,-0.05174230382570778,0.03321137354303855,0.7360494961076438,1.009326,0.012405593
19.574765049352,-0.6696380801171365,1.0193828262570725,-0.04578516819212018,0.03705872506622754,0.7439930402913817,1.028304,0.020052247
19.69497234781881,-0.711332722370146,1.1010723982703645,-0.040184813096463316,0.04048718438040416,0.7374105759611775,1.0552405,0.031567276
19.816429235287544,-0.7532772723492551,0.9737151392265754,-0.0436746027822963,0.03751193430585892,0.725559038737623,1.0275097,0.022328388
20.056142003865304,-0.8345630008256183,1.0537763134883886,-0.0367466175380119,0.042130149500774705,0.719666920593298,1.0533117,0.03494788
20.056142003865304,-0.8345630008256183,0.9264572403484689,-0.04017209142653196,0.0391833582078443,0.7122814180240524,1.0234164,0.024012849
20.297668828296924,-0.9146950963483704,1.0086205979809204,-0.03457301204829501,0.04266521632138942,0.7180949888404422,1.043281,0.03187995
20.297668828296924,-0.9146950963483704,1.0890392334160008,-0.028002685332189442,0.04693780051561569,0.7298386739695379,1.0579292,0.039898463
20.41986080678652,-0.9545559058920648,0.9616746359359595,-0.032490921297727585,0.04311141217676384,0.739977648237147,1.0173773,0.023274187
20.541060406215017,-0.9934129174295422,1.0403397417862499,-0.026013170794676386,0.04743474860134639,0.743044883365712,1.0381726,0.03220713
20.66115958101591,-1.031521619512906,0.9129461751909668,-0.03079162355910814,0.04324435364467333,0.7412776607789968,1.003547,0.019789591
20.782554229726376,-1.0696323835025856,0.9936770029737212,-0.02495742806180074,0.047130801837523606,0.7250966449347824,1.0365978,0.033651527
20.904065192386057,-1.1073106362082603,1.0727188501840594,-0.017464921793317167,0.05231906006231507,0.7150850848247077,1.0627735,0.049628653
21.026903424631236,-1.145046177110347,0.9454304811658406,-0.021625672112870416,0.04870540431557674,0.7114960366357457,1.0324023,0.035254795
21.14875541046807,-1.181608026702309,1.0227474370888066,-0.013193679538230023,0.05459648631042152,0.7138843463891538,1.0525237,0.046579085
21.26958095103801,-1.2172720944845181,1.1008375465369,-0.006417468506834046,0.058818368910899005,0.7245199996072866,1.0664939,0.055483118
21.391815310517845,-1.2527287514837977,0.9748112407088214,-0.012530036841815124,0.05364792909347152,0.7402089500618261,1.0244331,0.034635544
21.514284140057953,-1.2873630361049964,1.0524102116415943,-0.005409703351641258,0.05837951263349189,0.7435375642872015,1.0449013,0.04377812
21.63815053426605,-1.3216492390062191,0.9250907580014203,-0.012053196314894116,0.05260591695270761,0.7367411442403686,1.0129864,0.031511955
21.760932368279473,-1.3550586857238804,1.0009965554407512,-0.006862015778177574,0.0559429596327059,0.73045002450207,1.0385135,0.04194705
21.882585659777504,-1.387634432346048,1.077730801858785,0.00046248550017567274,0.06111976283091036,0.7190141540822221,1.0647318,0.05824361
22.00561233886746,-1.4200309467922396,0.9517827757873653,-0.004852283150520157,0.05652289052818227,0.7115064119622974,1.0370663,0.04410247
22.128863057079315,-1.4516277124406285,1.0281105643313966,0.003819220172499365,0.06279885705288946,0.7183206203085486,1.0541724,0.054484226
22.253572675527785,-1.4827032484168616,0.9008812943465931,-0.0021301452004249106,0.05755324101987869,0.7303183456622702,1.0121119,0.036440212
22.377244134661684,-1.5127573699531833,0.975501445999893,0.003761624928625502,0.06136337839345829,0.7360236966328371,1.0300598,0.04397571
22.49984464924308,-1.541941604460066,1.0509475708493088,0.010933150549557062,0.06626978437680064,0.743166773818031,1.0476234,0.05201628
22.623785134197455,-1.5708490120735021,0.9249670461036312,0.004573536602456319,0.06063174287235726,0.7364328876182638,1.0160848,0.039978847
22.747879037325767,-1.5989720001589824,1.000025604032568,0.013479727596141668,0.06707595174928749,0.724515149430063,1.0456237,0.054221276
22.87337285093275,-1.6266544150123425,1.074708388891253,0.02219520722532533,0.07287991679441494,0.7146400943935916,1.0635085,0.07253276
22.99776529226543,-1.6533231816810332,0.946313120309876,0.015198905497002941,0.06683665606390554,0.7118001268102836,1.0390085,0.053965777
23.121141549272743,-1.6786379300012477,1.0206813288474148,0.024117710193744372,0.07283015658970171,0.7142479850862009,1.0541034,0.06704377
23.37102414181883,-1.7270525462634894,1.0960085981826875,0.031533547265494705,0.07730289348104089,0.7307343492925487,1.063541,0.0730654
23.37102414181883,-1.7270525462634894,0.9689776807338047,0.021868035669372086,0.06911752391572334,0.7404849135838649,1.0286516,0.051054228
23.497498074001786,-1.7499555278050476,1.0426959528941757,0.029610947572716873,0.07429654013574719,0.7434249233011332,1.0484265,0.060372494
23.622871099181687,-1.7718219183070396,0.9143732239008439,0.020382798272776018,0.06618355055937336,0.7406941061629881,1.0131772,0.045228295
23.74709959616604,-1.792640032371338,0.9878820673461837,0.02698035634046755,0.07067570062032712,0.7297770936645345,1.041188,0.057604358
23.87269762044117,-1.8128493622539903,1.0623901603501948,0.035162550576114074,0.07636976096937306,0.7145428667796283,1.0593799,0.07720576
23.998405485251503,-1.8323730094170236,0.9353934727303468,0.027329019695865632,0.06953323793868738,0.7117002361876485,1.0368786,0.0586201
24.125551085484183,-1.8510011315572024,1.0084097949979591,0.0367887570828266,0.0763311202637702,0.7191597665020393,1.0494608,0.06939943
24.251588226368384,-1.868454066526643,1.079958343205817,0.04523841282660323,0.08179438225990303,-0.27454204031076856,1.0203434,0.08334431
24.37653203577127,-1.8847787675270384,0.95305318543468,0.03574172656474624,0.07364681320011511,-0.2631806632301896,1.001676,0.06944923
24.50287315629457,-1.900084504047076,1.0269925598071115,0.04360860616194201,0.07880290074262697,-0.25651482055777786,1.0013068,0.07941261
24.62933358785946,-1.9141718281979017,0.900061401429486,0.034121974766841985,0.07037699044876389,-0.26399083564556114,0.9988214,0.06337534
24.75715815828393,-1.9273400863590753,0.9727595675454715,0.03934795556680595,0.07356117333902268,-0.27581852326881906,1.014046,0.070774384
25.009226639783705,-1.9502349529344707,1.0440549735775095,0.04571910094907623,0.07781190381986408,-0.2814364296673957,1.0239434,0.078850284
25.136056189039763,-1.960076033485436,0.9172073129449075,0.03601421135881536,0.06921159785629724,-0.2880035147557034,1.0206639,0.06290141
25.136056189039763,-1.960076033485436,0.9910452928651362,0.04282915511323616,0.07419007404380785,-0.28061385613578627,1.0195892,0.07277958
25.26299090037655,-1.9688247892876127,1.0635486047489053,0.04933234590326845,0.078666584449183,-0.268668472960065,1.0144842,0.083008945
25.39126352826855,-1.9767061945127364,0.9367165807307625,0.03897667388384277,0.06965118365689431,-0.25907623127046464,0.9972665,0.06883142
25.51835426838613,-1.983190590562687,1.0079276865861704,0.04585872502682547,0.07477895236572742,-0.2564281823801542,1.0001061,0.07787654
25.64420163208452,-1.98855905781378,1.080476071406184,0.05149805068176354,0.07860799337716518,-0.25940794538352385,1.0077578,0.08630142
25.898425381068975,-1.9959411099062403,0.9549426154704408,0.040840123221411194,0.06945686095442594,-0.27568360509987677,1.0128288,0.06926737
25.898425381068975,-1.9959411099062403,1.0276417280614123,0.046854791295411556,0.0740020668622373,-0.2851196878299793,1.0260768,0.076989904
26.026858480924155,-1.997822362313595,0.9008832708792016,0.036282742387592576,0.06458878617570814,-0.28760349542948616,1.0192193,0.061426014
26.1540349419673,-1.9985971035548276,0.9725118290351027,0.040102561879562855,0.06759680379024219,-0.28473745017086616,1.0216469,0.07017481
26.27998020459295,-1.9984122837623308,1.0454846147443657,0.04519581355649426,0.07168766461244669,-0.27398079497985495,1.0174875,0.08011851
26.40721911246686,-1.9972573467494823,0.9198832956707534,0.035736688780090856,0.0633035576440868,-0.25884835042977516,0.9956614,0.06681936
26.534440256155076,-1.994904955446569,0.9929332349234692,0.0418201068570432,0.0684632131454836,-0.25638792395167154,0.9987239,0.075919665
26.662872839278435,-1.9913863834809975,1.0662034254423833,0.04705606852495822,0.07249313569151813,-0.2641113571818521,1.010473,0.083807155
26.789960063966948,-1.9868169017324235,0.9381129180963134,0.03645360921537777,0.06329189586448095,-0.27015957281432645,1.006595,0.06767032
26.915681695110003,-1.981019915944716,1.0117113078379578,0.04120546192864666,0.06724319437229513,-0.2811826548584546,1.0211653,0.075144276
27.16956127014442,-1.966067307515167,1.086907447179238,0.04489780658851413,0.07010675548640675,-0.2873872847256822,1.0316038,0.08324024
27.16956127014442,-1.966067307515167,0.9601375774458496,0.03387472732541674,0.06070732680339912,-0.27972407745156924,1.0159945,0.06876441
27.297686398577824,-1.9567477737776744,1.0342735388692577,0.038187314731044926,0.06456254843411899,-0.2679606534490808,1.0109853,0.07884234
27.42448628041457,-1.9464294010732703,0.9061178186313493,0.027900092576629343,0.0554508990339547,-0.262385173303602,0.9971381,0.06407368
27.54994580479542,-1.9350822448886895,0.9805659039815123,0.030569296438078843,0.058219022587667896,-0.25610701452122187,0.99672866,0.0733584
27.67653080440808,-1.9225319802911265,1.0565679055369097,0.033575571732956694,0.061211162950459586,-0.2640691663422323,1.0086827,0.0812273
27.80296926496502,-1.909033164962445,0.9296240633024953,0.023292128117303034,0.052208385387325196,-0.2757591506052386,1.0097519,0.06461203
27.93050650257691,-1.894166027629053,1.0047809609584166,0.026563086521039347,0.05584045914739033,-0.2849060339054945,1.0226996,0.07225761
28.056652100181054,-1.8784301066003288,1.0790816931125997,0.028587022090214454,0.058192987232329935,-0.28732160581401334,1.0296991,0.08045156
28.18142680126412,-1.861829209858155,0.9521697779379927,0.018381567779219413,0.04942232009432743,-0.284279757255691,1.01812,0.06552565
28.30734217721739,-1.843884771888593,1.0293733438759338,0.02056061260258102,0.05231729562462606,-0.2678235885380651,1.0091076,0.07619785
28.43311332996338,-1.8247991511183597,0.9784732012288054,0.01991014716894884,0.05438322426275419,-0.2562718019093262,0.9959218,0.0716307
28.559984422392255,-1.804537130940329,0.978616324867306,0.01078462732054374,0.04505768897909576,-0.2562718019093262,0.99516135,0.07064464
28.68539888561557,-1.783338548979563,1.0540277550528747,0.011716442760998761,0.047347949534414735,-0.2595746945044062,1.0044115,0.07508106
28.80930702918875,-1.7613437561604897,0.9268989491415678,0.0017003947175366387,0.038592843002764,-0.27029386504347164,1.0031321,0.062267702
28.934221535907668,-1.7380560842729236,1.0053634389718566,0.0013284770071750741,0.04026120748345988,-0.28477178533534553,1.0213252,0.06741057
29.05895142670939,-1.7137196365625353,0.9559597357935602,-0.0012245287442977453,0.041682129594927925,-0.2785307646400548,1.0119113,0.06392961
29.18478940568505,-1.6882283541549128,0.95591289272339,-0.009542402964663903,0.03298089958995162,-0.2785307646400548,1.0139512,0.056387387
29.30920354088256,-1.661996746507447,1.032672648774038,-0.01038581338504592,0.03485165489189568,-0.272297828430772,1.0161588,0.05891537
29.43225136245977,-1.635202434141635,0.9054125096703132,-0.019151634719803266,0.027039670294940976,-0.26130039243696657,0.99762684,0.04554748
29.55635517202796,-1.6073009556916444,0.985061325257166,-0.02036175791711191,0.028980665916115422,-0.25628978429717875,1.0010622,0.04815294
29.68026550903519,-1.578627280492832,1.0638815685664837,-0.02121269765309772,0.031086493988369795,-0.2647984082975252,1.0148035,0.052273106
29.80524385974939,-1.5490224877782728,0.9365310572020827,-0.028934295769840936,0.024350825224112832,-0.27671165484600224,1.0136662,0.042123463
29.92878240956767,-1.518919455366996,1.0145709057473429,-0.029129438419223462,0.027182108696448576,-0.2821951683888,1.0248016,0.046602596
30.05092281611155,-1.4885018295728496,1.0943183023256224,-0.029632937289231408,0.02938500023346649,-0.28788304545173293,1.0364124,0.050696187
30.174184815776897,-1.4571361880827571,0.968261800041411,-0.03632928206928323,0.023693841455029646,-0.27853633816864654,1.018694,0.03956774
30.29728217966343,-1.4250086145005292,1.048427216612978,-0.03623846098476419,0.026409757303271025,-0.26668795563003256,1.0166557,0.04253827
30.421433130808744,-1.3918645291804812,0.9209852326692095,-0.042716064462975475,0.02074104736159943,-0.2578100008929676,0.9991488,0.031521857
30.665648456029423,-1.324947683472702,1.0002258750752928,-0.04406140541951589,0.02222108943937423,-0.2560669865696106,1.0051758,0.0341292
30.665648456029423,-1.324947683472702,1.0811692582620218,-0.0444174189689111,0.02429600511727603,-0.2607772715488492,1.0161655,0.038173735
30.788135237017627,-1.290631830816404,0.9549894775130102,-0.049702533513197526,0.01973710751850888,-0.27761759870308533,1.0183358,0.030775338
30.910456651822628,-1.255772546311567,0.9092497294515414,-0.049919324692751336,0.022571263829967714,-0.2874720848334815,1.0209535,0.031516727
31.033871304556,-1.2200435596744645,0.90903565514116,-0.053676691101106046,0.018438402077862792,-0.2874720848334815,1.0220412,0.027660228
31.15594198361189,-1.1842386450838789,0.9895701182820754,-0.053763589709116925,0.021080432812219996,-0.28366954507635467,1.0262787,0.03129096
31.27671030011362,-1.1483765461998865,1.0717843540487235,-0.053088631655713245,0.11733332612753822,-0.2722307892326117,1.0115165,0.06516689
31.39858935761961,-1.1117246086610744,0.9456073299150562,-0.057228854396289476,0.11375325215442345,-0.2580015449134836,0.9908851,0.052276902
31.52025672165005,-1.0743960734086124,1.0281480173781345,-0.0563171713862173,0.21037557658579986,-0.25724798007177907,0.99720037,0.056367107
31.642770342267287,-1.0356632501631728,0.90064591912294,-0.06101638593233153,0.20629835332734492,-0.2660108029332231,0.99619466,0.04063661
31.7637682766975,-0.9966081070294656,0.9820682470200119,-0.0651616797938268,0.2989820117032511,-0.27186129923441826,1.0076914,0.04326322
31.88330633556773,-0.9573684027304176,1.0651928250344915,-0.06942736427694923,0.3924593646574147,-0.28229730876755466,1.0232421,0.04549173
32.00386565420571,-0.9171580716930245,0.9389494060020187,-0.07621038953762248,0.38652812275501813,-0.28628370930038405,1.0180342,0.03022075
32.1242406398034,-0.8762802694709279,1.0225067289785776,-0.07992595381415368,0.4816030351667282,-0.27721108135004924,1.0169139,0.03472939
32.24565202589997,-0.834414392237552,0.89495269600911,-0.08571151244691494,0.4764140103695178,-0.2654708089944844,0.9981905,0.021229431
32.36574918389007,-0.7925276275660851,0.9773804559558785,-0.09083767349585706,0.5711700268383343,-0.26041233975671796,1.0003428,0.024946969
32.484550229474905,-0.7507259116051392,1.0613914743960065,-0.09517910860949771,0.6672092229489681,-0.2555890820837923,1.0028754,0.02886742
32.60440164801833,-0.7081990700141801,0.9351105285728026,-0.09915854201884954,0.6637008129777315,-0.2660137218252654,1.0034359,0.013165265
32.7240907227159,-0.6652561029347933,1.0194600303125512,-0.10273872256532404,0.7609710604076486,-0.27792059999744345,1.020441,0.01526092
32.84486998153992,-0.621553159727975,1.1039705696948001,-0.10708785560806837,0.8578515850135598,-0.2864768192666385,1.0345165,0.017657794
32.96439553621791,-0.5781429979557056,0.9751748863395947,-0.11089699324030186,0.8546094240393481,-0.2880559300637082,1.0262967,0.0033210032
33.08265206162751,-0.534892013360984,0.9340545780094112,-0.11469890672807917,0.9528049226965648,-0.2656733114575345,0.99969196,-0.0010458231
33.20209489203118,-0.4910675145270017,0.9338269136348456,-0.11653793063279563,0.950835822067076,-0.2656733114575345,0.9993736,-0.0011688061
33.32156889200692,-0.44727462837167065,1.0186983742641407,-0.12007707506961156,1.0491284422374276,-0.25735210631436356,1.0018541,0.0015682094
33.44223194949116,-0.4030711467980786,1.1038108063629932,-0.12216137103675077,1.1486859043707107,-0.2574482787802719,1.011572,0.003609918
33.56169023560827,-0.3592719998209505,0.9753097826252203,-0.1221096366853005,1.1487180102827377,-0.2617096223228186,1.0079063,-0.00019116327
33.6799017042691,-0.3158579535052292,0.8480664172817464,-0.1221890160899604,1.1486463727639318,-0.2734146188481015,1.029533,0.004736211
33.79928801195111,-0.2719757689143317,0.8537275760832046,0.23622067975570074,1.2183104486767244,-0.28707699165911627,1.0614364,0.037520558
33.91867737983059,-0.2280722870323247,0.7266223947725923,0.23587266573908566,1.2179271532014477,-0.2869847928929987,1.0540452,0.024248436
34.03798027443572,-0.18386160145111335,0.5994428547323802,0.2357660101077412,1.2178154582764504,-0.2774303646708829,1.0566283,0.02661217
