-0.16130056916731367,-0.001073753934890628,0.03359887945681793,0.0021499010318530454,-0.03095231746987164,0.8581633202172168,1.0001015127521422,-0.03150621932648593
-0.16130056916731367,-0.001073753934890628,0.03359887945681793,0.0021499010318530454,-0.03095231746987164,0.8581633202172168,1.0001015127521422,-0.031449810620109354
-0.19034062696698503,-0.0011868373291106572,-0.04808164294579049,0.00594674244569882,-0.04141624222847064,0.7331624555420765,1.0001241034447996,-0.04576751957050178
-0.22256995213252265,-0.0011860194807843877,-0.019046573468888016,0.006058002670701455,-0.04060316614654404,0.6889341217737384,1.0000902988402733,-0.05588060173696143
-0.2875869900411981,-0.0010120107754550249,0.013188280388168864,0.006086530768455518,-0.041514803560446054,0.6650608113186536,1.0000002964769084,-0.05657123013286964
-0.3157184729595836,-0.0009448071910151364,-0.026347331524415464,0.01167615534096941,-0.06449552999857008,0.6928975008329927,1.0000961551177687,-0.09423403975290864
-0.3157184729595836,-0.0009448071910151364,-0.02631889422740428,0.011740114507559598,-0.06692437824939032,0.6928975008329927,1.0000961551177687,-0.10444563415766353
-0.35184487239810386,-0.0007624759078858872,0.0018410945309616507,0.011553144146470146,-0.06943547120034485,0.7434080209478684,1.0001270721972195,-0.1112951158206546
-0.3554635073967254,-0.0007548549295400022,0.03799182560671745,0.011042013788331674,-0.0718097741979116,0.8967901877472874,1.0000891583762723,-0.1165615978703197
-0.34598770727882544,-0.0008665300641861497,0.04163965709286747,0.010890056683151251,-0.07449667889801423,0.9809230956473328,1.0004248650968728,-0.12141239424027572
-0.32283159163883074,-0.001155086252913009,0.03218267246887088,0.011063326445123398,-0.07601796968102872,0.8301287716981963,1.0001114975395582,-0.12404580725941002
-0.2865097853184429,-0.001714171256061451,0.009030782280787122,0.01165846540743569,-0.0758812751454466,0.691311881440082,1.0000938504164754,-0.12268187509852962
-0.2381284535364629,-0.002648745452593395,-0.02730509051414531,0.012638832757868363,-0.07395027755656317,0.5829753904626047,1.000001019051172,-0.11511651191197486
-0.1798964512575068,-0.004027860748409665,0.028805134987694717,0.00732727720419351,-0.049429953847647715,0.47041401510877,1.00001472051017,-0.06864990685958704
-0.11312392581877556,-0.005701157657870005,-0.029465957557405907,0.008979444874256089,-0.04378585264997238,0.3567475100841123,0.9545045381802539,-0.04945234946194453
-0.03899532973818005,-0.007523614480804777,0.008376600160029982,0.00710131830257802,-0.016130592875865095,0.30725917882349874,0.8220009197954399,-0.010429232960050074
0.04058933504467083,-0.009372425285943413,0.03890968165533397,0.007962552991817407,0.010902315908476096,0.22860262226700023,0.6115894772249247,0.004894393581160107
0.12377521344042249,-0.0110709567212904,-0.040731399096521126,0.008755042658173338,0.015534268019179537,0.16630042439479087,0.4449163608896907,0.006720400714231599
0.2085570545078017,-0.0126999550854501,-0.019286519805325433,0.011895954884602326,0.03947775013323176,0.1708720531270157,0.45714654912621533,0.043428352552419246
0.2928422541725502,-0.013976954659656768,0.00048469953795988926,0.01726234378626387,0.06140903435176458,0.15174995604459596,0.4059888210544597,0.10077193768812748
0.37517684168330184,-0.01441161342307957,0.020629536321331254,0.024498182617674398,0.082637737364637,0.1497281801428576,0.40057934105245263,0.16530909635910693
0.453849090264911,-0.013601015672998928,0.04260220546601423,0.033066105868496815,0.10246342051000915,0.21055110414347344,0.5632973963194717,0.22405582913922736
0.528055055889254,-0.011355208834354452,-0.035906897185685294,0.030941830650252293,0.09811344050832488,0.22016120303337294,0.5890066840328174,0.2399874333971758
0.5996338342336813,-0.007715702372508501,-0.0056413194607610835,0.03910320869260398,0.11056889934171253,0.28760614435554,0.7694313575115356,0.2708151052229173
0.6702166284228939,-0.0027238516789709114,0.0273869470391752,0.047399705211149945,0.11820205048303492,0.28286823310839293,0.7567589202974088,0.28353044559554225
0.7419173449357648,0.003872693171848857,-0.04252233152215244,0.04363648017989647,0.1018278250638274,0.2886916234321496,0.7723346760263916,0.2749322320303069
0.815755535030456,0.0120846809397506,-0.009407828058629716,0.05072771847660458,0.10515237011613993,0.28158807051282886,0.7533348839932404,0.27439442843654277
0.891754120738782,0.021983554953017567,0.02161459919417623,0.057321150317243774,0.10669293431061602,0.22660268190805732,0.6062391636967627,0.2687517611075578
0.9693674114510724,0.03360427461267125,-0.053814905590849525,0.053126959592088616,0.08710191099885381,0.23404010459023705,0.6261360286273523,0.2605386330551725
1.0468103371887183,0.0466664894842462,-0.02674769162080646,0.05857919350925053,0.08852090716865599,0.21397099350958004,0.5724464093180226,0.2549669793765087
1.1234240628536898,0.06101951649023165,0.00034102760639710423,0.06372712858036565,0.090045901972309,0.20273637923698462,0.5423911586913938,0.24892511750448945
1.198342138364341,0.0764327578243317,0.028068665959835037,0.0686472504358379,0.09198796305853965,0.24494315143177958,0.6553042579466068,0.24331450136383656
1.2713184192213431,0.0927397425870213,-0.04707203235134165,0.064598259721035,0.07348169969929211,0.23002278398398612,0.6153887457444028,0.23989635974075516
1.343757790419976,0.11019339914173824,-0.016111849745523835,0.06903007398345831,0.07656231215910234,0.2631644390119525,0.7040519643172638,0.23376258324193047
1.4156572319016163,0.12874092163639445,0.015151446489737647,0.07333586936493024,0.07976550047882766,0.2587867681517044,0.692339207256017,0.22823250108291687
1.488253537906503,0.14867661754856537,0.046663508927541966,0.0775887059049927,0.08364859872803274,0.24077936648635545,0.6441651483115416,0.22478950239124063
1.5613003467195337,0.16996717249184284,-0.027248682393574728,0.07366301782409371,0.06671932261153804,0.260013594975427,0.695621540457559,0.22290306781360922
1.6341869705885748,0.19245082680356637,0.0024780189918348385,0.07741226051303908,0.07123313422854607,0.22564382124741744,0.6036739846196464,0.219384105567983
1.7074946679515273,0.2163206378154701,0.03199148848584332,0.08121636321994305,0.07635557188710185,0.23533800817366435,0.6296082277204947,0.21786269331932584
1.7074946679515273,0.2163206378154701,-0.04372814505131709,0.07761831583458484,0.06010822486492018,0.23930539236826442,0.6402219188902659,0.22004540455715574
1.851912665504996,0.26710901142315635,-0.042511846806382245,0.07829110105073935,0.044505914301555816,0.23930539236826442,0.6402219188902659,0.19447745308078526
1.9235196990021,0.2940115082875532,0.014765265579085564,0.0845897803622306,0.07231246190744012,0.25189410929970724,0.673899714430173,0.21701362933681095
1.994657209415268,0.3219591053275955,0.04429823301874278,0.08834680929958141,0.07587855872650123,0.2274956702423957,0.6086281187195159,0.21384907989938026
2.0657319234590177,0.35123374629436793,-0.030769015486540888,0.0848187398411353,0.060997912818619604,0.22944939384900698,0.6138547915030309,0.21751046393279885
2.1365083099234456,0.3816912359756905,-0.0017497918482722342,0.08823480145693119,0.06705253661960792,0.24772072546881319,0.6627349255059457,0.2156373375192015
2.205095681882423,0.4124700820068624,-0.0004109723250123147,0.0882511929743979,0.05188086425291033,0.24772072546881319,0.6627349255059457,0.19280241271982412
2.205095681882423,0.4124700820068624,-0.04672399690766947,0.08830844188187899,0.05899570728931741,0.2519515064390385,0.6740532653546643,0.22047638950371815
2.27441501087766,0.4446658740060334,-0.045190492518458525,0.08910293025805745,0.04170858323906251,0.2519515064390385,0.6740532653546643,0.19859991205700211
2.3434497534795566,0.4780655264693444,-0.01575986255887645,0.0920069389927072,0.04933974131170071,0.23110377198792043,0.618280644352963,0.1968742000314369
2.412568510512756,0.512758925978166,0.013572276035345311,0.09509617801965403,0.05535110401849086,0.2209973947824463,0.5912436947552627,0.19624655803507948
2.48210778140478,0.5488392105038842,0.042283156519796306,0.09837827727916594,0.061215186498829954,0.24178334001521473,0.6468510149821921,0.19730932474240712
2.5490988191601267,0.584804877925224,-0.03465687950538732,0.09596322014182236,0.04713205199554793,0.2151637618651021,0.5756373468077214,0.2014257896690259
2.615779122974834,0.6218296799137193,-0.004702339072448283,0.09926135216422607,0.05413858948889305,0.24409963187724693,0.6530476436112326,0.20254196358069418
2.6815520152752588,0.6596227650763481,0.025070611065481703,0.10283860492927172,0.06070519574860689,0.24071873942234112,0.6440029565745133,0.20325888126414351
2.746173820551447,0.6980160152956925,-0.049318006853963654,0.10068413982849911,0.04660069997129723,0.23261654565334267,0.6223276717410362,0.21204692236710848
2.8109297682390855,0.7377748825381938,-0.018383689827900708,0.10408136281430473,0.053205300697839464,0.2665372883228003,0.7130750891264587,0.21010285523887887
2.873657904744516,0.7776303524011681,0.011755601407327627,0.10768645554722889,0.0596930579506082,0.2368639973387926,0.6336906096962881,0.20775476134506446
2.9365606225796568,0.8189297361682463,0.04357940357031526,0.11150176164880954,0.06616004760180283,0.25667917020309217,0.6867008842100498,0.20851643897777025
2.9994286174711458,0.8615270221033772,-0.02995378210555065,0.1089782477096143,0.05093046293487069,0.2483124611462717,0.6643179584129254,0.21490268494423687
3.0619390255588943,0.9052446398027764,0.00036715361916026673,0.11245456398434461,0.05695880637795725,0.2235290009590002,0.5980163401063218,0.213094300225426
3.18585648797663,0.9963121337253088,0.030351709839807617,0.11611114561879174,0.06308642958195654,0.2510054341221941,0.6715222981221681,0.21291022126984877
3.18585648797663,0.9963121337253088,-0.04556663125696814,0.11370951170669559,0.04793246836185239,0.22413116771799424,0.5996272786237877,0.2222925390751844
3.2464830355967127,1.0430463024051417,-0.015288318190187493,0.117010146401101,0.05379879952444999,0.23404390179248669,0.6261461870415633,0.21934042853348962
3.306318798996428,1.0907576851184908,0.014599367172089657,0.12044247245923867,0.0592260707209219,0.24489549717441894,0.655176771535979,0.2166081898237463
3.365002001819031,1.1390939349226143,0.044534956075676604,0.12390476231210654,0.0645908466450007,0.2195264212332142,0.5873084925654408,0.21505421395737154
3.423514107083774,1.188813510802511,-0.029534946398638594,0.12122464536842395,0.04895651450081662,0.2564921381064461,0.6862005291107532,0.22178380379815976
3.479984782443508,1.2382918262140663,0.0002370579127402711,0.12429281235591154,0.0541443085076575,0.23759484617247817,0.635645803202146,0.2187552367357601
3.535907881344674,1.288886046283562,0.03164152359375081,0.12754240180987908,0.06001537165790671,0.2411893749254299,0.645262017869891,0.21712404461773255
3.5911854283027447,1.3404912352023428,-0.041752530812848014,0.12508557344737378,0.0443490006932149,0.25874784349220004,0.6922350745845629,0.22526038094851353
3.645687249456396,1.3929437540537333,-0.010731396995187624,0.12787406639156895,0.04947075892389796,0.22577416184073718,0.6040226765376774,0.22082062227997573
3.700181346149308,1.447140337400327,0.020217673072814746,0.1307636996557118,0.055107335202394636,0.25608728353116494,0.6851174473571502,0.21752810965752
3.7530534154183113,1.5014197491214856,-0.025649309335499082,0.13045031288121417,0.060052441820663494,0.22640892068133633,0.6057208065828014,0.23906590798583452
3.805562821107989,1.55698860757168,-0.023596514898006016,0.13083721062779874,0.04433984922554013,0.22640892068133633,0.6057208065828014,0.22526581241783997
3.857243516822379,1.613679899569224,0.034554621707084746,0.13626842174332945,0.0704148384881077,0.21891903820175607,0.5856835992852719,0.2329530751030191
3.9075821648959574,1.6707440832308624,0.03677159326918943,0.1356869727504558,0.05411126444878522,0.21891903820175607,0.5856835992852719,0.21652492240037227
3.957043441645716,1.7287191703649152,-0.037091496003150946,0.13300890014889452,0.037838781842921665,0.2513058508341486,0.6723259838875306,0.2212321203585619
4.003967960675488,1.7854062220340816,0.02456226219227161,0.13728834585642946,0.06361499094982981,0.2512863521007519,0.6722738201634436,0.2282681852304245
4.050208959265197,1.8429951012242192,0.02673021641503158,0.13688276064721247,0.047800713012269735,0.2512863521007519,0.6722738201634436,0.21185931438245767
4.096248239467833,1.9023168313300705,-0.04497518672359075,0.13453466194208408,0.03224677661215791,0.2767892378771962,0.7404995010356598,0.21841624190890666
4.140895599481758,1.961581598871122,-0.013211125854869443,0.13603635869615183,0.03714501728812136,0.23975456010929375,0.6414235488441271,0.21244843372832295
4.1861623229868,2.023594786962379,0.019347692279165746,0.13770290456960904,0.04273913077591729,0.2557511176527886,0.6842181241154662,0.20745139352965805
4.230331993964514,2.086075825427761,-0.05525993945340962,0.13546976869861876,0.027140627229990777,0.24107495532114398,0.6449559183634938,0.21684625797669058
4.274312616161919,2.150237048850167,-0.024976598440081925,0.13672935236187808,0.03259830919230078,0.20872768927269814,0.5584193302276831,0.21205975572578975
4.317919766767579,2.216111757614673,0.003972587657112905,0.13814122757451303,0.038501759396492696,0.23648066854917926,0.6326651145110794,0.2073946158985649
4.3593792479663,2.280909172998395,0.03176822354837739,0.13960348527576494,0.043980541826441844,0.21376896424850833,0.5719059332564428,0.20520448373920072
4.400184519925082,2.346790152305163,-0.04302729291129988,0.13716987253662022,0.028868583564180206,0.22803152915988756,0.6100616680764367,0.2129294689773402
4.47649512924167,2.476329594106235,-0.01373806181522639,0.1384142667508837,0.034556231894132816,0.2507553449070046,0.6708532503151715,0.2086808831159673
4.47649512924167,2.476329594106235,0.017697262450314458,0.13992455066697373,0.04074119365075557,0.22757643422244067,0.6088441814701326,0.20537237383719703
4.5134114627251725,2.5423636048016696,-0.05529592350523247,0.13777515337521878,0.026013082814169586,0.2685949934423536,0.7185782709163001,0.21564571393265838
4.548740746326165,2.607711817999522,-0.024136509714502014,0.1389521483157275,0.03159320898437312,0.24479853422777076,0.6549173727179786,0.2109107259803336
4.583742760481407,2.674931074716094,0.008224491488325616,0.14036777100831913,0.038315040903333264,0.2500005095558092,0.668833887201178,0.20596996704881126
4.617347153566073,2.7419141286156017,0.03919689428626878,0.14185818284886567,0.044229503894707145,0.26266191941677675,0.7027074188126214,0.20383992435805096
4.650511479311047,2.810412148673426,-0.03355251418134561,0.13938891117017008,0.02891669647363937,0.22320225505697044,0.5971422175295746,0.20925169006504257
4.683345796772015,2.8807971510031583,-0.0029278708673688147,0.1406032675451108,0.035148844516891264,0.2501863906644445,0.6693311631352898,0.20590542471649897
4.714708003013088,2.9508003766550264,0.02618308963235441,0.1419948447110278,0.040999548720546564,0.22869176279352899,0.6118279492187833,0.20338742915047614
4.774844439626401,3.0934092465854723,-0.048445085549761485,0.13974331556475447,0.026494314709468725,0.216124514935357,0.5782075885281913,0.2130473326657688
4.802973295322349,3.1646155797686117,0.008209997613378484,0.1423685656302901,0.05332775937500078,0.21310377415711934,0.5701263924172147,0.22013209777303305
4.802973295322349,3.1646155797686117,0.03855692141212902,0.14428564937134808,0.05815773072295083,0.24866470355109216,0.6652602901656073,0.21834183415505548
4.854631809487622,3.3052497933306726,0.04067495162926238,0.14370293355826058,0.04344886963529704,0.24866470355109216,0.6652602901656073,0.20470970480593276
4.854631809487622,3.3052497933306726,-0.0024756913411975237,0.14226671463056728,0.0504935362181933,0.2463888412097096,0.6591718200675452,0.21863133409320953
4.902169503338519,3.4474348015616387,-3.5119617502861467e-05,0.14228824936024975,0.03334035183486028,0.2463888412097096,0.6591718200675452,0.20517926674351103
4.924509915554587,3.519547759759243,-0.04331431833072302,0.14059690166958524,0.04067424345439097,0.23080361135304273,0.6174776436543544,0.22403132939142092
4.924509915554587,3.519547759759243,-0.011837981894547468,0.14204238493642934,0.045266062090253856,0.2500695795403325,0.6690186657476642,0.22036649706998096
4.965814482052642,3.6651503065497897,-0.009705016217416769,0.1422040421154901,0.030258481058820452,0.2500695795403325,0.6690186657476642,0.20537818663237836
4.985141903490134,3.739519235677272,-0.05440717809822273,0.14008168769984294,0.03766356022109152,0.22803662535636549,0.6100753016074754,0.22516255282325442
5.002971430162268,3.813010237192021,-0.051961876386328036,0.14100703407936788,0.020265209886425106,0.22803662535636549,0.6100753016074754,0.21421404059665916
5.01967166624585,3.886860838741214,0.006858765794437255,0.14246659327789274,0.04839864057450538,0.2269396128072222,0.6071405335500177,0.21317862970334117
5.035360785312465,3.9612920637035014,0.03813754009018624,0.14373664864214475,0.052786410818673524,0.24834591609455392,0.664407458313048,0.2086855632703113
5.049597561898982,4.034044529063931,0.04037270152925129,0.14312491431695576,0.03720317140449558,0.24834591609455392,0.664407458313048,0.19416957964208575
5.049597561898982,4.034044529063931,-0.0031734930598713885,0.14124376065977728,0.04441404954793282,0.23293500731604222,0.6231796320180139,0.20647373202816618
5.075583047116859,4.1828439099680725,0.027692059668864875,0.1425213369652714,0.04884996836387279,0.258189875054042,0.6907423770300504,0.20487588669208467
5.086923465261733,4.257476100400035,-0.045355195414484316,0.13931178756676743,0.03587774572581459,0.23452967456425455,0.6274457441112435,0.2155629809551921
5.086923465261733,4.257476100400035,-0.014027944514761893,0.14041543863567044,0.04145199581257164,0.2409726254584158,0.6446821617754827,0.21039581610387287
5.106293872288049,4.4085404222284845,-0.011934463381218669,0.14060884473730417,0.026553337347174244,0.2409726254584158,0.6446821617754827,0.19546985096997518
5.106293872288049,4.4085404222284845,-0.057632368588925925,0.13831227699325652,0.03408789045636196,0.22095316015459,0.5911253566624409,0.21463164257687106
5.121322571363611,4.559973066951316,-0.05533819967517724,0.13924603955926124,0.017557190175563342,0.22095316015459,0.5911253566624409,0.2052023458611453
5.1270383411237015,4.634781333101327,0.003645083260333002,0.14051948796636793,0.046316283438077255,0.23799572274295466,0.636718242851936,0.20386334354771657
5.1270383411237015,4.634781333101327,0.03546187197279412,0.14187982513012884,0.051518381557945636,0.24983732465744513,0.6683973289981275,0.19960140205906915
5.135310593683476,4.783753733918236,0.03754987113639936,0.1413415590702557,0.03677400522941343,0.24983732465744513,0.6683973289981275,0.18624156328233749
5.138048988648266,4.859671090126604,-0.005101031746795146,0.1397773707739239,0.0444264908617531,0.23265354086291556,0.62242664267753,0.19860612422554683
5.139699620865712,4.934578752486107,0.02575289182332576,0.14131744231205012,0.04969962635818548,0.2535668130672274,0.6783745926713926,0.19790129852056337
5.140280037938565,5.010017387503773,-0.04738648902032113,0.1382667519920108,0.037394289285820115,0.24107468734288084,0.6449552014582528,0.20998364568299532
5.140280037938565,5.010017387503773,-0.016132602198459297,0.1397088982232421,0.04362856040184182,0.2347415792987,0.6280126394000538,0.20576687155130804
5.13799076073737,5.162015653115229,-0.014131833824712055,0.13992543860641166,0.0293189140576946,0.2347415792987,0.6280126394000538,0.19150005878342144
5.13799076073737,5.162015653115229,0.04492594585029963,0.1431290962576785,0.058165998303050914,0.2248345414134164,0.6015089696357929,0.19707765799318136
5.131597840517256,5.313008747546896,0.0472067330882473,0.14239312889749572,0.04219008801366386,0.2248345414134164,0.6015089696357929,0.18482206655918607
5.126973485069062,5.387486434283062,0.0025359779118589517,0.14144364270200852,0.0504046801299447,0.24866053580668046,0.6652491404634632,0.19764923292545256
5.126973485069062,5.387486434283062,0.034631973087939014,0.14361573615080717,0.056373907989019534,0.24682135344663803,0.6603288926082266,0.19715285619780035
5.114631789847221,5.536022541795833,0.036554513975162906,0.1431384670105895,0.04296512750308912,0.24682135344663803,0.6603288926082266,0.18614816872499057
5.114631789847221,5.536022541795833,-0.006079238882668021,0.14254663779388915,0.05151489471831794,0.23431545592337455,0.6268726585753878,0.2005557777537882
5.098120987637314,5.685672281120796,-0.0039153895594122474,0.142622476546766,0.03633928357001093,0.23431545592337455,0.6268726585753878,0.19135768884689705
5.088326133742457,5.76013833278227,-0.04806966282350333,0.14187223688383718,0.04511546382020959,0.248112341649961,0.6637825914238177,0.2121989509929885
5.077276155310876,5.835260929518854,-0.01644414269634354,0.14418376078027242,0.05124731084393419,0.23732992504833383,0.6349370765303397,0.21043257521967743
5.065239105127017,5.909011934405943,-0.014452335655175008,0.1443970106888321,0.03744337371457207,0.23732992504833383,0.6349370765303397,0.19855457364212173
5.065239105127017,5.909011934405943,-0.05853789348621584,0.14346315779122434,0.045315155453357514,0.23132528465975866,0.6188732431469697,0.21971017217012395
5.037813076989596,6.057080644244833,-0.05621459940709145,0.14438933974062462,0.029173251859237137,0.23132528465975866,0.6188732431469697,0.21416805805230274
5.022457637454097,6.13027008580797,0.0043417002553996845,0.14811387094268913,0.05802341740581163,0.2533975548491457,0.6779217869015078,0.20799818179716958
5.022457637454097,6.13027008580797,0.036525955397123014,0.15058141482289045,0.06286633187559842,0.23930892277292992,0.6402313635578317,0.20104428118681061
4.988579985440218,6.276456697036847,0.038814132369097504,0.1500079032456964,0.04764201991115624,0.23930892277292992,0.6402313635578317,0.1875801696212071
4.988579985440218,6.276456697036847,-0.004543145919783914,0.14942557810047594,0.05480754215318484,0.2339571155814677,0.6259140133985874,0.20109107746827554
4.9507255513427335,6.42218995330733,-0.0022108788544220916,0.14947827795436017,0.039202392280964116,0.2339571155814677,0.6259140133985874,0.19181865336625514
4.930369676932481,6.494354010233643,-0.04626785574654896,0.14894515509541428,0.04778528607880306,0.2548571394820307,0.681826521046154,0.21275546659216074
4.930369676932481,6.494354010233643,-0.01438620356923944,0.15150623175679068,0.05372195578889949,0.23488041007457983,0.6283840445647095,0.21039984535813103
4.886161382925363,6.63830269978277,-0.01229302077930066,0.15169041747716844,0.03991474821188934,0.23488041007457983,0.6283840445647095,0.19926158621602974
4.886161382925363,6.63830269978277,-0.05621314974735255,0.1509988598827814,0.04775796542730193,0.23420215504575237,0.6265695519274401,0.2202023391973423
4.837751395970744,6.780842694692634,-0.02518187480894188,0.15349458521523543,0.052600722221530116,0.24315682530232707,0.650525413010866,0.2169982898382268
4.811918045782603,6.851310617030465,0.006925042838783459,0.15608943650429738,0.06050892113570683,0.25792437972025894,0.6900321142116355,0.20758217371277554
4.811918045782603,6.851310617030465,0.03898567321402488,0.15872848192119018,0.06520259151012775,0.23091613714785564,0.6177786767724485,0.1992977088396719
4.756732336915955,6.992636158581872,0.04144812233057257,0.1581033422930275,0.04965870135593109,0.23091613714785564,0.6177786767724485,0.18722851484636194
4.756732336915955,6.992636158581872,-0.0034329074090366438,0.15765317174219967,0.056680368095824996,0.23134050362184289,0.6189139574704541,0.20031574142727207
4.697996079005467,7.132062689294007,-0.000992087187802644,0.15768742237942227,0.041200144338386924,0.23134050362184289,0.6189139574704541,0.19289711127687162
4.6674057052813005,7.2006124229686,-0.04567634430804235,0.15733385063163394,0.04981987817636302,0.2595093838156325,0.6942724689889049,0.21380117659909245
4.63549583728362,7.26924491783478,-0.013735927350301297,0.16008317634718605,0.05564587082834116,0.23299948922116942,0.6233521363668459,0.21064621064341116
4.602847874055542,7.336673281080724,-0.01151815020053093,0.16025801466864312,0.04179974813121756,0.23299948922116942,0.6233521363668459,0.19944815648242975
4.602847874055542,7.336673281080724,-0.055312424311102386,0.15971390286516543,0.049485047817025674,0.23847099027349072,0.6379896959164,0.22081466550371553
4.534303245113192,7.470811190568235,-0.052720713145275516,0.1605880489234753,0.033302476388551217,0.23847099027349072,0.6379896959164,0.21707497339859202
4.498473827969709,7.536953515267814,0.007995526867570095,0.1651175081743173,0.06217920465265747,0.2618875731503255,0.7006355716616091,0.2066787931460891
4.461253763051712,7.603413253386019,0.0400574234131408,0.16789243030350662,0.06673971966128889,0.23003259880466775,0.615415002711334,0.1977314415170441
4.423074528783108,7.669503204090317,0.042645851440134185,0.16725368958161574,0.05129346258432488,0.23003259880466775,0.615415002711334,0.1866306855922228
4.38468817573677,7.734083015795163,-0.0028733646624720943,0.16694267864084456,0.058271544315449564,0.24162403829634482,0.6464248452028193,0.20104207421140632
4.345079291951848,7.79860428844534,0.02895909554891435,0.17000015844272237,0.06498837189454232,0.23362962512522345,0.6250378989631966,0.19817242276800712
4.3045624426549525,7.862486596470816,-0.044206467273862605,0.1668740410065805,0.050287371859478736,0.25983011154246793,0.6951306106961537,0.21563175522454095
4.3045624426549525,7.862486596470816,-0.012893507440506477,0.16966247048016017,0.0572786825732301,0.22866815351134362,0.6117647888043728,0.2112768325234589
4.2627088676818845,7.926241642978192,-0.010510051294481168,0.16982678011826344,0.043237489914046634,0.22866815351134362,0.6117647888043728,0.20128550073454674
4.176882396465892,8.050776919786756,0.02016044701488129,0.1723302291026701,0.05062738319570981,0.24466959174053138,0.6545724210644214,0.19272619643181285
4.132796697427011,8.112114252188269,-0.023833879401173375,0.17205517337393444,0.05653230861407099,0.23198307375332117,0.6206329845663722,0.20911935190107056
4.087745583041837,8.172845213022551,0.007957340120782933,0.17509523350289014,0.061692182867676415,0.26155184220134875,0.6997372872115095,0.2045922615986123
4.041445940815434,8.233326475172985,0.039404601700595066,0.17828663552766957,0.06841793309260691,0.23130119264608506,0.6188087913116427,0.19832715049565902
3.994294607085584,8.293200989475611,0.04190565428966252,0.17771539939328254,0.054367387322806326,0.23130119264608506,0.6188087913116427,0.18853035776161448
3.947086202373488,8.351605227161516,-0.03182101451147734,0.1753034105344913,0.0407278207871653,0.24164703329767412,0.646486362270636,0.20293197601670573
3.898685302479307,8.409750903801324,0.028599209611573126,0.18120554967824704,0.06837267483592768,0.2274842850552562,0.6085976606508543,0.20158616093801465
3.84944390419906,8.467138589524787,-0.044325560436810366,0.17805998578454307,0.05355823992208286,0.26056677693887276,0.6971016386056518,0.22099091370477764
3.84944390419906,8.467138589524787,-0.012811320283423938,0.18114365561733353,0.060451847092289235,0.23495164763248788,0.6285746218827204,0.21614221462800737
3.799089931934267,8.523939925256485,-0.010252809146681655,0.1813064637634779,0.046334215420588354,0.23495164763248788,0.6285746218827204,0.20686772537792145
3.6965490471798534,8.634372341035876,0.020970532852507398,0.18406137087748492,0.053515682817952825,0.24216417078682906,0.6478698273783701,0.19806142974393293
3.644013204137127,8.688698293703885,-0.02221834374576176,0.18391153986122302,0.058997426026048405,0.22729421844144193,0.6080891875003447,0.2146317170583283
3.5906132887274,8.742237342797903,0.009811041620240948,0.18707070661581732,0.06370307296813671,0.2598100824709437,0.6950770207499339,0.20910008369016908
3.5361842869496374,8.79515467691629,-0.06304709140848139,0.1840719760904263,0.04923220617689816,0.23783430341410627,0.6362864079649686,0.23273634994450243
3.5361842869496374,8.79515467691629,-0.06039605917308981,0.18495876338596268,0.03486491180455609,0.23783430341410627,0.6362864079649686,0.23127220608016957
3.425392513752073,8.897437326279608,-0.029043731195385808,0.18721322374611027,0.04188808494964391,0.23803836015671798,0.6368323080192515,0.21880875682174095
3.368614995422294,8.947427424566348,0.032356500221225604,0.19229738950105368,0.06825417824786895,0.22516431921264657,0.60239120325472,0.2058109284487866
3.3112286282868286,8.996579099911079,-0.03980039551094887,0.18861472253764996,0.050393998518210026,0.25780946827752715,0.6897246989210539,0.22193775386562134
3.252949169605779,9.044933228810416,-0.007669512178038046,0.19103745227883862,0.05534588669988194,0.24191230813321785,0.6471960352041032,0.21455303188302377
3.194050548197872,9.092262493404675,0.02407874174585181,0.1935081984932866,0.06145873220598563,0.23748369943168213,0.6353484593797514,0.20509710377856685
3.1350485728450614,9.138349780757306,-0.04872051876468511,0.19006584078033884,0.04751264079073758,0.26104800064216205,0.6983892046492385,0.22557102918237523
3.1350485728450614,9.138349780757306,-0.01595607058304367,0.19231667257345447,0.052971873885696574,0.22668804495950245,0.6064675300512451,0.218208381651263
3.07465357766596,9.1839783477775,-0.012857197106168047,0.19254867234221457,0.03686854553153385,0.22668804495950245,0.6064675300512451,0.20800632013446965
3.012870426866423,9.22909761585744,-0.057615774854333064,0.19112224989730037,0.043872739587593745,0.23464981080948677,0.6277671369843929,0.22909770778952812
2.950284266126572,9.27346087674421,-0.05461216330603263,0.19200209253262465,0.028193495635942423,0.23464981080948677,0.6277671369843929,0.22680957827870135
2.887930105639644,9.316100669704841,-0.023702014336053442,0.19336523161598257,0.03403243551440793,0.22868184160647353,0.6118014076966417,0.21404961598764438
2.8256698130260967,9.35716240693855,0.008468540804762115,0.19476537737992022,0.039460397583776174,0.26376792663316906,0.7056666606913021,0.20162595358591429
2.7625237080794838,9.397526436154989,0.041724971974950634,0.19613833546386233,0.04425155946117432,0.23146993775436353,0.6192602243914321,0.1926377721063072
2.698863019568973,9.43704442103457,-0.030201239759372875,0.19354649177110567,0.028964152521116837,0.2627812150080582,0.7030266070642264,0.20589293294499023
2.633567580802713,9.476426724940485,0.002494578043471418,0.19473257209048528,0.034904196675793475,0.24756666812510986,0.662322785670655,0.2006480635185359
2.5681906947447186,9.514540331836368,0.033669479566313,0.19621542367786649,0.04182285249499618,0.2281669786075865,0.610424027388385,0.19432841325967307
2.502263316779141,9.551703548995766,-0.03920062275377175,0.193940766522066,0.027613692452907568,0.25667881682169413,0.686699938831221,0.21065551808280347
2.4351766708494536,9.588354102287582,-0.007336392155087371,0.19516957999152124,0.034019092871611534,0.22002529358043732,0.5886430940980507,0.2063388002324911
2.367635029018655,9.6239025801119,0.023592308292307296,0.1967007745794107,0.0412692563163386,0.24277984810231945,0.6495169098302643,0.1995379016913184
2.2986587724330314,9.658867791787996,-0.049824251567484115,0.19450996745458243,0.026578300432985813,0.24125036484644558,0.6454251803352286,0.21831223824079957
2.230279566340575,9.69234860167185,-0.019519673598793086,0.19565510880880133,0.03259461326908264,0.21804527438208965,0.5833460743866542,0.21426565952918297
2.1619530786477896,9.724453627840548,0.041070691391422304,0.1992570036948022,0.059947046695115525,0.22739719309717665,0.6083646690621669,0.20775412471492896
2.0927718435354548,9.755639191373158,0.04403929874366104,0.19862199117662288,0.045025161865134056,0.22739719309717665,0.6083646690621669,0.19951622895440652
2.0237176826668617,9.785586963756813,-0.028858719040878264,0.19600390994230676,0.030084298300964818,0.24608327222106485,0.6583543507433113,0.21393726497946852
1.9541778063227595,9.81463321152046,0.0035349675946104303,0.19719741772281363,0.03604078274427547,0.259276036053227,0.6936481218231976,0.20929182921099182
1.8851370203767563,9.842229645355753,0.03572996470648468,0.19865090488888604,0.04249671360909257,0.2382266585654209,0.6373360508028345,0.20302396226234007
1.8157312856056516,9.868774915739357,-0.03569041358778315,0.19627320080786542,0.027833788761525202,0.26860545503405897,0.7186062496778913,0.21904827673657523
1.744705562060218,9.89482674105554,-0.002290552135768925,0.1973697708311559,0.03360694143045384,0.2355502151434271,0.6301759315602686,0.2140371884733794
1.6728654566658636,9.919882590920828,0.029567411805960384,0.19866536849527253,0.04035236104449691,0.2411561887709216,0.6451732370566945,0.20742101706640523
1.599102469436625,9.944305717076867,-0.04347653197916103,0.1963097035617877,0.02514880394293817,0.24752427401453625,0.662209371396922,0.22521591202526337
1.5257360259670076,9.967427816746527,-0.013376742031085471,0.1970840396273192,0.030507673115716116,0.21381756023828458,0.5720359390240405,0.221196173323689
1.452487325731925,9.989178398625528,0.017388953287670025,0.1980646331462635,0.03639583123140744,0.23833256198181607,0.6376193674921977,0.21346173049786785
1.3783177235217767,10.009885360454494,-0.05589734438894438,0.19582831424340202,0.020738570793499278,0.2256178323802449,0.6036044582525263,0.23339257238088956
1.3045203945002797,10.0293113832871,-0.025090057502511545,0.19625573744575298,0.026054872727247602,0.2240152293465293,0.5993171160559355,0.22878094440291688
1.2300687004633792,10.047537607300802,0.006411138238849201,0.19683242436794138,0.03132841609361314,0.25553801353763195,0.6836480201995508,0.21887065012055312
1.1568508170712233,10.064159483521593,0.037617330503668986,0.19732133182707692,0.036356386887431036,0.2312224426641043,0.6185981164822424,0.21131963770357942
1.0107146049457112,10.09399345293108,-0.03422967618645156,0.19463235492590725,0.02008329275658971,0.2578585299549916,0.6898559505133733,0.22514721796881867
1.0107146049457112,10.09399345293108,0.029228818120157034,0.19534834007028384,0.045853816561577165,0.23927192379630824,0.6401323825435917,0.22108684600899564
0.9367054932448646,10.107318870641464,0.03213839580622807,0.19489079324565003,0.030942324992431658,0.23927192379630824,0.6401323825435917,0.21243779001085075
0.8611776931686768,10.119668390426968,-0.04000511760899731,0.19242596181927527,0.015371412778801385,0.26216396530777775,0.7013750887598232,0.22697199129208145
0.7863020382124755,10.130796588970082,-0.008728513535389042,0.1920375526666239,0.020453036517643408,0.23064793925778193,0.6170611839766915,0.22218274665996962
0.7115904047412405,10.140652520880474,0.02326012914700823,0.19181709267384817,0.026058309123140777,0.24409284817353338,0.6530294955991743,0.21440708083494353
0.6354152258834388,10.14945098794929,-0.04902411392388345,0.18948788944074602,0.010142536775649358,0.2396082180096163,0.641032049111576,0.22959443663063817
0.5591434300710592,10.157117514178372,-0.017968532900356424,0.1886863005604514,0.015364696810186373,0.21759972419690965,0.5821541222503891,0.22476100567298726
0.48188738028004496,10.163562159747569,0.01308225657970058,0.18801164273281884,0.020624799866696186,0.25021452334884664,0.6694064247206002,0.21605027256185758
0.4057758223420897,10.16864602536175,0.04330865972634585,0.18726350048759394,0.025546492576233426,0.2272399013000691,0.6079438762989383,0.2099266872028153
0.33093015949691307,10.17253453724367,-0.02996121434496296,0.18450783662628542,0.00958163441438975,0.2369823245166528,0.6340071628862997,0.219377629319879
0.2553512512102046,10.17538024083624,0.0027872815696320663,0.1834085294183691,0.014568271066271343,0.25203320757359793,0.6742718352152829,0.2140423704309254
0.1800397284603582,10.177027438014697,0.03463137739394789,0.18245248539376516,0.020592880948140824,0.22828642470676752,0.6107435739575999,0.20843189125147074
0.10374212788056573,10.177523427405932,-0.037902824565466536,0.17998439353012496,0.005383635339216042,0.263806819725683,0.7057707233650825,0.2183555863160336
0.027998154688898953,10.176927564424858,-0.006613613880251672,0.17858403977765502,0.01055083671916801,0.2383593634588771,0.637691067782984,0.21353212866545357
-0.04694074744083219,10.175162948370287,0.025012267499189028,0.17737583137431553,0.01675967826835656,0.2361105029709536,0.6316748340299719,0.20764526499683644
-0.12314485205164874,10.172198968357897,-0.018692156534204044,0.17318492133682747,0.022531463650070194,0.2186876084445788,0.5850644699421852,0.22118328682410174
-0.1992610366991276,10.16814560488012,-0.0160501723131405,0.1734497208503398,0.007288133977232825,0.2186876084445788,0.5850644699421852,0.21410579374508282
-0.2757466410726733,10.162826783727288,0.0150493982236012,0.1720014701227875,0.01333386855682539,0.2521078801569093,0.6744716020387718,0.20695819748958785
-0.3502467538183728,10.156491733225321,0.045710280453742445,0.17059897495669157,0.019174631992586733,0.24646321110991087,0.6593707771421184,0.20333907388941241
-0.4234053765736208,10.14924799154417,-0.02643271984071784,0.1679516220032467,0.0038959833165184143,0.24628313437234306,0.6588890292735836,0.2074574582064197
-0.5719000841361467,10.131377255023024,0.007318463317405664,0.16634918184831463,0.009767511191228095,0.27005244607008383,0.7224771920840901,0.20277913060517122
-0.5719000841361467,10.131377255023024,0.03986281812665125,0.16495057213439515,0.01631588970033304,0.23406840765006387,0.6262117460072241,0.20020745875962895
-0.6476748327562034,10.12059294654405,-0.032734950340613106,0.16254782865184886,0.0019111678143204358,0.26089554747326926,0.6979812997140461,0.2051743204238184
-0.7235190089114977,10.108708849999742,-0.0021005228688975655,0.16084644844726284,0.007832319436996027,0.2393241791597931,0.6402721780014521,0.20163991604749718
-0.7987167582297349,10.095784163145169,0.028141247661257314,0.15939496726269364,0.01456223104729748,0.21550444661558144,0.5765487591011816,0.19956869174493908
-0.8750171454510021,10.081522179127221,-0.045807722225517225,0.15717766703452826,-7.786581780822033e-05,0.24362638203466092,0.651781588339301,0.20610035016913783
-0.9506698373368142,10.066266203624552,-0.016427398502251868,0.15546317877489887,0.006391994820340141,0.20979758949781724,0.5612815664051972,0.20310850611830847
-1.026093338298658,10.049862615836371,0.013314769791590965,0.15403575298893452,0.01321761220719253,0.23936442698520788,0.6403798504546996,0.20051714137668314
-1.100156391573066,10.032607366463289,0.043144145271258205,0.15278563454716804,0.01922180378810001,0.2471028806660397,0.6610820445128696,0.20008555405158604
-1.1723740777747245,10.014717541206748,-0.03067846142206296,0.15031016695536623,0.004780978640189115,0.22653870419395072,0.6060680081781733,0.20292144920770946
-1.245121354250772,9.995611571890423,0.0017997489696923788,0.14895264698414992,0.01135671023525564,0.26781485879781386,0.716491857888185,0.2000977521594132
-1.317635514792443,9.97544110108758,0.03343016846231555,0.14782551745336056,0.017972994532168496,0.2328666242431645,0.6229966911226615,0.1991795408187799
-1.3904967887677908,9.95405965382067,-0.03975607014292042,0.1455454099399582,0.004018877550457045,0.253795734092397,0.6789870105629409,0.2035601654697789
-1.462862191601208,9.93171565805242,-0.008844985662212985,0.1442060070547424,0.010328429910912984,0.2574832931605193,0.6888521033292543,0.20085624224857165
-1.5343060167425404,9.908513156566212,-0.05289878970781975,0.14029188913571264,0.01713429498738206,0.2552391701296164,0.682848543394376,0.22108279697748376
-1.6795570060297813,9.857681269918029,-0.050874417294558834,0.14103861093600686,0.00274312535338872,0.2552391701296164,0.682848543394376,0.20903880894198576
-1.6795570060297813,9.857681269918029,-0.02077113644701372,0.13972805501782556,0.0091799914426276,0.22092787917399626,0.5910577240593637,0.20260700778511448
-1.7532822037355145,9.829895769861237,0.008803734091159643,0.13847862289588952,0.015034855645249756,0.22081430894435994,0.590753896831065,0.1994244945690776
-1.8261594444878648,9.801244750586518,0.03690952807618704,0.13729335532168485,0.020125552191810225,0.2346957880851437,0.6278901370722894,0.19817159613792595
-1.8970598460569084,9.772213808604745,-0.03935167518724476,0.13486922256470896,0.005357018441068728,0.2052172202911573,0.5490279953320487,0.1995237025718055
-1.9676519585386332,9.7421357958772,-0.009328050466397286,0.1336575921870027,0.01194931351284545,0.24276185034335596,0.6494687615678274,0.1969642049911307
-2.037108432857879,9.711352953092437,0.020558632403139276,0.13271630686483016,0.01847938605539179,0.23273878815319438,0.6226546993435088,0.19597653392066544
-2.1057981599985647,9.679754663065223,-0.05354702581017675,0.13061496543633527,0.004560395068736511,0.23837676369001037,0.637737617517135,0.199549812015238
-2.1731277152885298,9.647652003898624,-0.02259122645779455,0.1295588898535968,0.011205756935761535,0.2716499135547583,0.7267512670116256,0.19627735256555104
-2.239150102680731,9.615026494814137,0.009313629942352866,0.12882277261114528,0.018197009304902423,0.24031001644518746,0.6429095259308661,0.19434678960942461
-2.3058162923895003,9.580943061601094,0.04213531477213424,0.12839073336593912,0.025244460473814456,0.26768591633035155,0.7161470106930581,0.19457836173244744
-2.372872963439365,9.545509314866457,-0.03090947426020195,0.12606947602950586,0.011119573470993238,0.24382282868118588,0.6523071295864507,0.1931909830693001
-2.440636162835825,9.50849260966798,-0.0003357401215268105,0.12547024302264967,0.018311781138729888,0.2285440747920442,0.6114328488805366,0.19229090131551624
-2.508049718184824,9.470437093642525,0.02889775243993735,0.1251528760688307,0.025084856842483738,0.24761042451994797,0.6624398443770292,0.19206381517799817
-2.574106668100285,9.43194421718513,-0.04676530434378614,0.12300557590739042,0.011233274666722526,0.21503592654863968,0.5752953570978838,0.1946632997782769
-2.640124838206156,9.392246358078635,-0.01686659564336479,0.12264225277777266,0.018568466002188533,0.2352527225409966,0.6293800684795539,0.19243473145107115
-2.7054322147335,9.35170163538126,0.01247833659950652,0.12261040847515381,0.02553831616737723,0.23548902002967154,0.630012220155816,0.19102448125682536
-2.7701787556654507,9.31025196448708,0.04193392663765652,0.1228966534990087,0.03280152382549684,0.21897754584068208,0.5858401210588562,0.19172102924151602
-2.83356485089052,9.268446374934873,-0.03320271466617557,0.12055530612905122,0.018760426293856103,0.25570303612609113,0.6840894946582949,0.1926557882336953
-2.895269070401058,9.226539656497268,-0.002812567817093513,0.12080005165268862,0.02593811861875217,0.23549954873467582,0.6300403869321737,0.19031729687777152
-3.017536307638226,9.139827935054935,0.028848009754162074,0.12143800524324949,0.03356743889631186,0.2532453690902575,0.6775146539983018,0.18986793965052667
-3.017536307638226,9.139827935054935,-0.044343247326240516,0.11933755790348512,0.019885873100446094,0.25825292231046615,0.6909110433542486,0.1923917967594969
-3.0786162691782537,9.094647635329544,-0.013103160879238032,0.11989366836729728,0.027311719654663946,0.23279386039252103,0.6228020306105531,0.19034940860455835
-3.1391661899697563,9.048549963837228,0.017203986245899854,0.12079451564384114,0.03452512328525126,0.2582563585554064,0.6909202361222774,0.18883849238545053
-3.1988395681878963,9.001833443126573,0.04737393815943487,0.12202354544864799,0.041720600325455326,0.2314307459118634,0.6191553769422651,0.18950647047052027
-3.2586057532391535,8.953748140278723,-0.026762602965874745,0.11969146671842326,0.02833104346571913,0.23229137146806822,0.6214577538783841,0.19172577753036166
-3.3180052782646454,8.904606328791404,0.0027955011150455136,0.12089052753259111,0.03559105071571578,0.24376988624464468,0.6521654960456439,0.18995719488452267
-3.377004828397831,8.854387562511263,0.031932343346858245,0.12244674129392377,0.0430791212918753,0.21237632393401684,0.5681802909985778,0.1900977334164746
-3.4346641656251458,8.803928980403454,-0.043849597434010894,0.12026427929980746,0.02935939166275281,0.24313574769098756,0.6504690254148124,0.1965878350706878
-3.5463161593191788,8.702069891459933,-0.014172730778925224,0.12177296213303299,0.036396720286826056,0.23638457849403738,0.6324080508843317,0.19400860261181835
-3.5463161593191788,8.702069891459933,0.01648983669309228,0.12366763418503732,0.04403231349143022,0.2330734040037955,0.6235498758942508,0.19243663495226915
-3.6009517231789783,8.650078617398972,0.04716951593438787,0.12586320779164012,0.05125581788398703,0.26151635908752646,0.6996423483043733,0.19297989036383806
-3.655243948071871,8.597000457876327,-0.0264796692724696,0.12346489838086441,0.037308951850160366,0.22931315946399522,0.6134903322980992,0.1971528797874608
-3.7083907967976737,8.543600749874285,0.003879770956528486,0.12556109875445187,0.044537339616629534,0.25555310785265273,0.6836884010626564,0.19523963807584963
-3.76061255038099,8.489623534396879,0.03485452459009777,0.12800588327757711,0.0515161335203973,0.24798303828638923,0.663436674340711,0.19431668968196858
-3.812666680517416,8.434307742577026,-0.03848180264746127,0.1257990165922101,0.03783231472669124,0.23030428796703029,0.6161418354862941,0.2020939232877533
-3.864291964779428,8.377910277338195,-0.008096574875538401,0.12809599912752911,0.044849649162102434,0.2555671603725205,0.6837259948773006,0.19965091549584224
-3.915592494224803,8.320164520689506,0.021793222682281982,0.13070441430010174,0.051825754454217776,0.21916640351022243,0.5863453599974683,0.19765456985796956
-3.965522777999725,8.262292380912982,-0.05359156654658603,0.128575565878295,0.037762218433047945,0.23756013232711992,0.635552935454564,0.20987791665197947
-4.014293883758985,8.204142259433363,0.0050821351311953755,0.13378548923807004,0.06497948967935363,0.21943308305453735,0.5870587908591701,0.217354420088249
-4.062365176807744,8.144998781007043,0.006963426596843084,0.13370077007329412,0.0509132684741922,0.21943308305453735,0.5870587908591701,0.20440345644277566
-4.109240676915556,8.085365051622531,0.03719720910869028,0.13657893750543698,0.057506007832241135,0.2565947572138608,0.6864750594967186,0.20100647520078285
-4.155074290092403,8.025324062202344,-0.0365897379284581,0.13406878633238467,0.04253794127964783,0.23420582699591053,0.6265793752626803,0.20957144599356017
-4.199372621075349,7.965634957468105,-0.005544249145785787,0.13663068581100762,0.04851385891815729,0.25491291529444415,0.6819757345376287,0.20583623673561277
-4.242481349026826,7.905700719226831,-0.047120402269628256,0.1366462823593109,0.05491962846167153,0.23860981535098458,0.6383610858365245,0.22825767208748546
-4.285275795952485,7.844348330246108,-0.045152209319602926,0.13730920138953132,0.0405511693132925,0.23860981535098458,0.6383610858365245,0.2212511600470716
-4.327357384328083,7.781799146486812,-0.013368240470316026,0.13987949138699912,0.04686918386825001,0.26582079556915417,0.7111588816791683,0.21128219828588712
-4.368770372004081,7.718039959752419,0.017901611841901664,0.142459701721605,0.05278013269202386,0.23490854478520906,0.6284593115706558,0.20438199672320784
-4.409088346799649,7.653976595979039,-0.055827973208221505,0.1401642352032277,0.036812174594763825,0.24273258919303575,0.649390481069258,0.2169109226715118
-4.48737267340524,7.52336331140674,-0.024723394767865732,0.1423803388711524,0.042052535974661964,0.25285366807973986,0.6764667611418003,0.2118129235978119
-4.48737267340524,7.52336331140674,0.034159441124703656,0.14784629763559085,0.06923651275400733,0.24906890278256655,0.6663416187195114,0.21565607612321683
-4.525364665951545,7.45649170725806,0.03634759337146671,0.14732361521021103,0.05441039349716181,0.24906890278256655,0.6663416187195114,0.20333369735822512
-4.562830944865321,7.388077134257283,-0.038241651292153886,0.1448367091044744,0.03878392996375002,0.2231530518263486,0.5970105872490772,0.21225530460435216
-4.599153085759298,7.319419469295249,-0.009397089661910447,0.14694547683401835,0.0441431856858685,0.21316547823197118,0.5702914654129904,0.20838625298519842
-4.634094326761037,7.250856773905218,0.019734749816736744,0.14927234412133739,0.049825430822835415,0.23962764240082768,0.641084013952732,0.20365344813780772
-4.66786165726488,7.182040006762567,-0.05499326627839013,0.14708341305150344,0.03506036404508173,0.2101047286155432,0.5621032361961232,0.2185239752138045
-4.700255679673603,7.113570089122571,-0.0248826499925877,0.14913890290687304,0.041283033354032383,0.2503334169300787,0.6697244931736082,0.21563272165769592
-4.731627011700422,7.04439878274126,0.006187010696035847,0.15146012410638748,0.04720347482069975,0.24321637132762852,0.6506847127136265,0.2088358143447498
-4.761268344284284,6.976225711674297,0.03703007657601247,0.1538549932016568,0.05331856861189621,0.2385197421083397,0.63812011860643,0.20480186057512656
-4.789693216597766,6.908234947237418,-0.034924260597471724,0.1513581281542927,0.03795445367209105,0.2754287682049863,0.7368606683088565,0.21483934714169334
-4.817502287346337,6.839048949809743,-0.0017383059142134227,0.15348531889522474,0.043779271288780564,0.23743364745544293,0.6352145585039632,0.21046617978998425
-4.844410295004233,6.769010610495855,0.030446599810992882,0.15582524113631777,0.0504652705465789,0.26443660989993845,0.7074557950633643,0.20605789255708923
-4.870883292578769,6.696862724356893,-0.04221842881442564,0.15350365980059233,0.03541510677101822,0.24438069251282313,0.6537995472937773,0.21826705593566106
-4.896244366300643,6.6245445525127895,-0.012126886273253368,0.15541321197864422,0.041117686980789436,0.21936999073224184,0.5868900039731054,0.21487536027979698
-4.920456611828089,6.551787154759342,0.018140322739854824,0.1575389168950576,0.04710643855528307,0.24573445503906555,0.6574211822718816,0.20954603052928253
-4.965669049037211,6.404683965121982,-0.05613120893538388,0.15534423336536843,0.0319522187475787,0.2121265215610163,0.5675120105622868,0.22537539705735224
-4.965669049037211,6.404683965121982,-0.02638022382585525,0.15703584546945698,0.03777557891286065,0.23524097784674036,0.6293486486443172,0.22233040702130202
-4.9863440528241645,6.331157080814598,0.003972514666718531,0.1589300578841168,0.043215974172758465,0.24119288236980774,0.6452714011132574,0.21478093612281415
-5.005788692059318,6.257381435690391,0.03463391636504427,0.16084355970647427,0.04868014110376073,0.2238868541961545,0.5989736821626898,0.2095427682087904
-5.023759776325547,6.184851674229949,-0.03909475832675315,0.15825922671990925,0.032862302259892395,0.2612791602721676,0.6990076972301498,0.2212050558054672
-5.040972606520057,6.11086897264444,-0.006683380801112047,0.15980987410000191,0.03793175317369735,0.23420227984734798,0.6265698858012292,0.21600512330053992
-5.05663513144829,6.03832949275325,0.024292202194675844,0.1614983251502681,0.0442668345505659,0.24678663826170932,0.6602360212769761,0.21078764006958386
-5.07140221245002,5.964443936426272,-0.04738507310310067,0.15921298130210637,0.028707080199120938,0.257520146285097,0.6889506941547763,0.22379392983077914
-5.085256111324538,5.889485721173965,-0.015639246665287244,0.1604743626149271,0.03422878133279572,0.22877584696990283,0.6120528942799425,0.21896232395430384
-5.097742385199664,5.815170513287012,0.015161214582268927,0.16187954611883182,0.040157276920785856,0.2561357454558283,0.6852470944688597,0.21251515339011137
-5.119593517088146,5.663721715289991,-0.05761753099341263,0.1597056704485329,0.024369019315141793,0.22775986911753365,0.6093349132043889,0.22691744787907903
-5.119593517088146,5.663721715289991,-0.0277920586778851,0.16059049959863744,0.029930734545956073,0.22611152722903183,0.6049252087521283,0.22302663583859747
-5.128727629302452,5.587499689227141,0.0036500581414413286,0.16168691600310778,0.03506996952635455,0.24715630984476233,0.6612249802041471,0.21454942774534774
-5.136627255513497,5.510957954799792,0.03402046740444496,0.16275016818243085,0.040475177508123794,0.21645292501339308,0.579086163169402,0.20917044499967027
-5.143234968263479,5.436097786404024,-0.010842487610098928,0.16071520332837405,0.045664447136393393,0.23692878642566773,0.633863935828958,0.22459113779085485
-5.148869867670898,5.359768829207611,-0.008258840738512787,0.16086866589896134,0.029596531224817868,0.23692878642566773,0.633863935828958,0.21572617962054622
-5.153134808881088,5.285434264644581,0.022208515616133035,0.1617099748319567,0.035870414277007656,0.23248219335229403,0.6219682475558967,0.2097246711687016
-5.15628119595209,5.210466670913427,-0.049720466076903225,0.1594221960032993,0.020375205488728954,0.2649129727242634,0.7087303552997686,0.2209664053356631
-5.158378458742442,5.134916837790134,-0.017590339954923127,0.1598443239947107,0.02570600799435252,0.2327344289863018,0.6226430375409489,0.2158126288502313
-5.159260620557361,5.060683247829506,0.013847444943570361,0.16042965125777336,0.031912589505298294,0.2596454723537436,0.6946365885852485,0.21032039469004504
-5.15899167460649,4.984295020832313,0.0467610367767222,0.16111097817785458,0.03724225193522934,0.24481634521660245,0.6549650213261322,0.2060064733725368
-5.157640028015122,4.909176608452536,-0.027158871476437786,0.15843274306873437,0.02203887947781724,0.22763228873947916,0.6089936055150962,0.21244168592006518
-5.155173609394376,4.832701067685994,0.004831579695769424,0.15877174099954272,0.02755575521147735,0.2550104043995288,0.6822365409539054,0.2084214921041533
-5.151495181017529,4.755614097402659,0.03533501374760001,0.15927266959626146,0.0336634025880278,0.2187810029758699,0.5853143224050283,0.2056959636710018
-5.146771383673555,4.6802679207724855,-0.03950479842069521,0.15682252570300198,0.019129818226885975,0.2395634636008973,0.6409123204819982,0.21515371426338245
-5.140826527820498,4.603305952106379,-0.007879526973399173,0.1570544868786979,0.024583142557776494,0.24000897970950308,0.6421041814553659,0.21122966635080087
-5.133861031895817,4.528430454403173,0.0218861390497265,0.15742652789029637,0.03102145671336176,0.21999692677096194,0.5885672061727887,0.20792400150020995
-5.1256779466396,4.452918280508409,-0.05091441945335241,0.15520881650522036,0.015918638222170767,0.25878606874463783,0.6923373361766738,0.21835196384839944
-5.116350041707475,4.377139015053396,-0.019791910640189737,0.1552498619647563,0.021573446421168985,0.22852072963982561,0.6113703950762653,0.2142003077736158
-5.106095530944744,4.30344731998131,0.010795446042571932,0.15546453991852632,0.028061548492389843,0.24557756679299703,0.6570014691031386,0.20963659165124346
-5.094451870397146,4.2282533525413335,0.043476088439211406,0.1558232289010185,0.033572933927713766,0.2547452754309837,0.681527258249163,0.2070272884907189
-5.081993926190037,4.154812297977915,-0.03024061877231161,0.1532127807898209,0.018467109338859533,0.22941043066389788,0.613750555766471,0.21256849485822235
-5.068248441647227,4.080278847429341,0.00230871232504783,0.15325658224316974,0.024200138568484686,0.2631860806663494,0.7041098689032969,0.20872703090211236
-5.053143060157024,4.00489660495089,0.033516112120056854,0.15344628379235947,0.030138847579357364,0.22893993222990094,0.612491861163337,0.20644313618963564
-5.037237011030434,3.9312228220676264,-0.011767187984863838,0.15077085257095477,0.036590417435526934,0.24785167874983416,0.663085256508504,0.2228901605416314
-5.019799629344153,3.855794765391485,-0.009442952517040488,0.15093424841898748,0.021183389291561827,0.24785167874983416,0.663085256508504,0.21224067894818668
-5.001518105012075,3.7822887948518544,0.020067154942000513,0.15095858434980738,0.02745915385963693,0.2170043481845526,0.5805613505864691,0.2082124668442737
