-0.16131544942294176,9.998936391098834,0.025673651020508503,-0.0003989944412895868,0.02298167647910037,0.8581657445322793,1.0001015119343963,0.029803131532395596
-0.190377327426712,9.998824257623617,0.025673651020508503,-0.0003989944412895868,0.02298167647910037,0.8581657445322793,1.0001015119343963,0.02906892209870344
-0.190377327426712,9.998824257623617,-0.026849071340596806,-0.003558955463849142,0.05443473376184288,0.6883513283415996,1.0000894104427298,0.07469686922864502
-0.22276954655826223,9.998606069830277,-0.02684627441401987,-0.0035799924487714104,0.05521830200412778,0.6883513283415996,1.0000894104427298,0.07689179687546686
-0.25651597162927775,9.998177222682289,0.03929068050557107,-0.0028584744865481665,0.05493863591591597,0.6699692570358806,1.0000437145391994,0.06311000232450494
-0.2888731073907292,9.997691975615776,0.039291162945433104,-0.002851835439946391,0.05510760743133017,0.6699692570358806,1.0000437145391994,0.06395401091134209
-0.3179104488436403,9.99735302150974,-0.032848610147935046,-0.008131964603417023,0.0772190371179046,0.6846674798405816,1.0000836260707842,0.1039120984891326
-0.35658912326749787,9.996977663278628,-0.0038051242878284048,-0.007727954612222648,0.07812828932814425,0.7340614939195761,1.0001243862539402,0.09738218906563081
-0.3619005393635047,9.996911510380864,0.034874060354675246,-0.0072167718911917665,0.07839747484521706,0.8791200324705825,1.0000945174154519,0.08776245046914641
-0.3543639426293433,9.996994908895443,0.04018315443414914,-0.007143394702539079,0.07810960368665157,0.9992605786786414,1.0007293924341212,0.08690680633423363
-0.33307611125202563,9.997231455564764,0.03264219841225471,-0.007272283007880084,0.07746648840861556,0.8474618121580273,1.0001052304804083,0.08808017750599703
-0.2984445207142182,9.997675711604021,0.011344383377272262,-0.007580326488123331,0.07605705103569613,0.7130998738283547,1.0001141988893698,0.09170390121971267
-0.2515226071052046,9.998433474643791,-0.023304073553513684,-0.008015583745557341,0.07389019243344588,0.6018470529662368,1.0000007402141455,0.09879858151338704
-0.1945009877778471,9.99963598064403,0.034281264008359784,-0.0032942134163574804,0.049851638421152894,0.4802938712525794,1.0000107770694577,0.05751232160020291
-0.1287449648266923,10.001120620694714,-0.02275994948407067,-0.004182673130772199,0.04626032345118539,0.3696428360367696,0.9889902687445657,0.06350091288347484
-0.05541705035766591,10.002923861841849,0.01609419698091554,-0.002585727157381658,0.020788144762972575,0.31857415730998295,0.852264009447628,0.023759640137426312
0.02399963095101471,10.004943329738394,0.04739845600267076,-0.0037194410467243037,-0.004581720093492369,0.23021982266737206,0.6159158708301967,-0.01159430927076952
0.10762679457633104,10.00677771762874,-0.03205685535547188,-0.004299297150847304,-0.008257885168671575,0.16675386754635968,0.4461294285780526,-0.018453906910964008
0.19335477494318104,10.00839467535797,-0.01110398757663003,-0.0074593390141310225,-0.031883924358409366,0.16505679440653187,0.4415893565015642,-0.05499978059119032
0.2790713240816917,10.00958593539195,0.007674602595481672,-0.012627599035547287,-0.05263672519925004,0.1388546406268618,0.3714860105244525,-0.08679966179729151
0.3632947028234762,10.009997031953745,0.0263726546519922,-0.019504066685656667,-0.0716331467097462,0.13297045770852955,0.3557422429795404,-0.11460414977351495
0.44435273247540535,10.00953809720395,0.046468689462521515,-0.027674691550177166,-0.08921694410302487,0.1890918703572848,0.5058888699517639,-0.1388487461706061
0.5209126944283548,10.00818376823797,-0.034413167560680205,-0.026001202479658737,-0.08320676838040113,0.19695207646564816,0.526916780553028,-0.15610949824225623
0.5945007455139852,10.005925852176098,-0.006573632097835107,-0.03469857331843478,-0.09603339856758243,0.26288703661691104,0.7033097442191606,-0.17038878934821655
0.6661420503280203,10.002798514675305,0.024185749528053278,-0.0441919161431387,-0.10817024711394506,0.2707256991495697,0.7242785020541035,-0.1815023710196244
0.737825357620383,9.998708272177309,-0.047073977963519684,-0.041900078259246507,-0.09863602005866777,0.28214054569738845,0.7548125830727463,-0.19936496402556805
0.8110180771839296,9.993457246745148,-0.01436021828075877,-0.051515008790919595,-0.10921535956142511,0.28982935642945884,0.775377757507397,-0.2037238283710834
0.8864392316564067,9.986917095287993,0.01679573784488016,-0.06151655761102435,-0.11913736323436477,0.2371596036481486,0.6344814264968419,-0.2079938846131765
0.9640708481318218,9.979016147104996,-0.058085096704650535,-0.05844810887660632,-0.10660563338230536,0.24057840793879948,0.6436275366618838,-0.22939958803885918
1.0420611169347724,9.969717676556316,-0.031245258348296577,-0.06810014330653266,-0.11354655759617113,0.21692864870971773,0.5803588365852513,-0.23015817542232084
1.1195532979590148,9.959085524110035,-0.004750531761430907,-0.07782919072683873,-0.11911754273422936,0.19999337656063254,0.5350529776994233,-0.22857755335433394
1.1955588083366584,9.947377259006096,0.022250232891448403,-0.0875353464090679,-0.12355946265901127,0.2410954076414321,0.6450106331580782,-0.2274487272398967
1.2695500992202569,9.934751627889366,-0.05309293584036883,-0.08398289053431782,-0.10645474152764728,0.2279247005484576,0.6097758762715093,-0.24675532301880004
1.3429203300370065,9.920870316447049,-0.02264243509921256,-0.09337968192826522,-0.11052267260942086,0.25866488590696113,0.6920131434211733,-0.2422916505684916
1.4156413799612133,9.905777713794594,0.008175232937548238,-0.10262802567868508,-0.11586874230334077,0.2603278018425196,0.6964622348995939,-0.23720015180425807
1.4890092054128317,9.889309950508917,-0.06434880804661111,-0.09920632723154153,-0.09954174527035795,0.23960399998592863,0.6410207649004754,-0.25984026672970006
1.562905377553685,9.8712705588068,-0.033718626114842984,-0.10782979254715813,-0.1039162855442975,0.26025280945264784,0.6962615846530111,-0.2546585516810796
1.6365584909259487,9.851809086278983,-0.003867933283404866,-0.11620377182873716,-0.10833015890917436,0.22786573101609497,0.6096181188237245,-0.24586634739301896
1.7106709738634336,9.83087528940298,0.026134269832083796,-0.12432032377261451,-0.11134202711573843,0.23398515582382484,0.6259890276795604,-0.23901355515883085
1.7106709738634336,9.83087528940298,-0.04856133114528202,-0.1203082895468309,-0.09332027669570112,0.24217214107202312,0.6478911497765626,-0.2571388639275708
1.8568119441756572,9.785491418202584,-0.0463537729988463,-0.12117596768772786,-0.07503753909518077,0.24217214107202312,0.6478911497765626,-0.24360662894897384
1.9293014147266956,9.76080253730333,0.011099248331273959,-0.1351074748954505,-0.10116172294626968,0.2502951282343333,0.6696220618556408,-0.24309740321120454
2.001392224836207,9.734896842920124,-0.0627988649176386,-0.13139199687517825,-0.08189085392114437,0.22879694610682655,0.6121093394620253,-0.26501757341349874
2.073276479983284,9.707463640622773,-0.03267669606389461,-0.13798635929801734,-0.08490998094247976,0.22474256551149563,0.6012629123420792,-0.25836139802155467
2.073276479983284,9.707463640622773,-0.002898373115048515,-0.14420905314034219,-0.08861601838748229,0.24928941405812377,0.6669315385415949,-0.2464091429212363
2.2137352923152696,9.649387417616529,-0.00023224872546032116,-0.14423798956889822,-0.07013048674245731,0.24928941405812377,0.6669315385415949,-0.2275575337712671
2.2137352923152696,9.649387417616529,-0.04529118900217129,-0.14609859753296475,-0.07413247454564253,0.2520894298930595,0.6744222432187281,-0.25089772954239253
2.2834870594959185,9.618593475311515,-0.014278911603043294,-0.15158707461208676,-0.0757919586138962,0.23576168337532155,0.6307416591015036,-0.24532774849628305
2.3529655636687914,9.586432624462915,-0.011977900057390481,-0.15178622604252687,-0.06062274354027575,0.23576168337532155,0.6307416591015036,-0.2300791475912884
2.422206437927219,9.552837069106001,0.01853626722098848,-0.1565235269084863,-0.0644604386085244,0.21917561072180247,0.5863699914663293,-0.21944159062753138
2.5581900625403535,9.482968322789583,-0.05559593690881772,-0.15394283538240378,-0.046574730982618384,0.24949651768367453,0.6674855897284522,-0.23506077201758505
2.5581900625403535,9.482968322789583,-0.025904160436476822,-0.15801242859753292,-0.050401402428938036,0.2244922112453247,0.6005931554610107,-0.22965129391427472
2.6245678423088363,9.446796857091089,0.005839414153846055,-0.1622280815384609,-0.054976480558246,0.2485630578749768,0.6649883639386241,-0.21969241401587308
2.690240755685185,9.409583350618478,0.037276261552536466,-0.16638174907247893,-0.060319814460957244,0.24885451842976658,0.665768089865072,-0.2131207944263674
2.7551281582951743,9.37153500733684,-0.035412943751430184,-0.16370080581822702,-0.04365794561018277,0.2322696977769223,0.621399771627851,-0.22518686058764076
2.8204935246115155,9.331925751113507,-0.0035348348366711635,-0.16738850257291038,-0.049139333057549583,0.2640249963283722,0.7063544784528047,-0.22033510963960415
2.947612518132978,9.250660890290163,-0.04783936719035252,-0.1680772504002196,-0.05498430915005348,0.24561839509522299,0.6571106944691627,-0.24439036420580076
3.0109536525351963,9.207816276559116,-0.04518498992198569,-0.16881020064267901,-0.03922639157974328,0.24561839509522299,0.6571106944691627,-0.23990340988906586
3.0109536525351963,9.207816276559116,-0.013877194639415252,-0.17216679688839556,-0.04477053035326495,0.2470421830929218,0.6609196641473116,-0.22728481944513024
3.073749509471453,9.163691237154158,0.017085476483610834,-0.17537847083940963,-0.04907391647301251,0.21601626046236866,0.5779179822063204,-0.21599137412189792
3.1367522289012135,9.11792989094614,-0.05660867994709919,-0.17287843982630421,-0.03181902172279871,0.24661710404629433,0.6597824771489402,-0.23229147584193635
3.1977224206070627,9.072282295881976,-0.026948547863469258,-0.17544290273293778,-0.0360094675615833,0.2275606541405074,0.608801966018324,-0.22663193562701003
3.258038848096891,9.025519468496508,0.004368190052511767,-0.17816949548926417,-0.040557339477996335,0.22904064947377412,0.6127613036144597,-0.21567014828578482
3.317413033789822,8.977894784436796,0.035433355071058326,-0.1808430528603014,-0.04575071255578256,0.2524684247164729,0.6754361440191915,-0.20770401752130419
3.3756567661792842,8.929769492930614,-0.0376765931947219,-0.17821394460345755,-0.02925790334827405,0.22382501496595564,0.5988082475943913,-0.2201726055240198
3.4337261498718727,8.880399823401076,-0.005822935952814967,-0.18047510897694186,-0.03461237621280577,0.25940476607515184,0.6939925529139508,-0.21487209267986382
3.48997859630443,8.831028196282759,0.025180248033292343,-0.18292645020520665,-0.04101937379172549,0.24600177882433616,0.6581363366305285,-0.2079231247464578
3.545892484990504,8.780420741070088,-0.04684070793381767,-0.18061586839240845,-0.025692335166456193,0.23737532893293445,0.6350585426615296,-0.22307220091779817
3.6014258153062984,8.728705468968082,-0.014886488862954489,-0.18267051782068883,-0.031528004589502,0.2606020197763409,0.6971959346274278,-0.21811073807269704
3.656180717988528,8.67604251081262,0.01658183984458217,-0.18491178437986472,-0.03748137670690854,0.22321463718807255,0.5971753426591552,-0.21010143925440056
3.7108353049191263,8.621774180164946,-0.056535816481187204,-0.1826894858954366,-0.02217815958414404,0.24952783040424753,0.6675693586627282,-0.22724166691921407
3.7639797302364735,8.567466996347493,-0.026104055724768913,-0.18442152578152832,-0.027812063951184962,0.24192794306374,0.647237862341553,-0.2226504374161004
3.81661785468175,8.511870834639666,0.0054233963647349615,-0.18637358920684025,-0.033142338804678206,0.21882601615821717,0.585434743315273,-0.21251028616151177
3.868463733024907,8.45527731687974,0.03636855167899439,-0.18831033769221417,-0.03854331192836158,0.2514431930881753,0.6726934069041329,-0.20493146736710666
3.919263612891418,8.398196292511017,-0.03731216688062387,-0.18568397785491317,-0.022349438384725584,0.22029421798954507,0.5893625305040755,-0.21775570342605993
3.969407428320627,8.340237477849534,-0.006139541318423022,-0.18722916345515883,-0.02749344037496826,0.24306922612291526,0.6502910644851376,-0.21283092925629737
4.017635024290109,8.282688259281526,0.024561899629615636,-0.188982889519435,-0.03393519154385649,0.25375489608459534,0.678877759232205,-0.2060618711651298
4.065183027080073,8.22416925953424,-0.04766680604292928,-0.18670974260752363,-0.018928970051820593,0.22757948403690031,0.6088523404452182,-0.221533797700243
4.112596578004648,8.164092632203133,-0.015593886990014016,-0.1881025879361543,-0.024801709059657506,0.2630042221281855,0.7036232867235845,-0.216814016595861
4.1582773265542095,8.104272177901217,0.01525868010969042,-0.18967121668415615,-0.03113608544939772,0.23415255774154609,0.6264368674068894,-0.20888836916969908
4.203882933902392,8.042560371650074,-0.057081882839536566,-0.18750047712370244,-0.015822121816828516,0.2405476996895447,0.6435453848313667,-0.22604776407000066
4.291512775247679,7.918213706763504,0.0026339953153128315,-0.1900030785282806,-0.042422463953800005,0.21719934413495934,0.5810830108783528,-0.22232155239204213
4.291512775247679,7.918213706763504,0.005557211763613401,-0.18994005680466514,-0.027035115171238466,0.21719934413495934,0.5810830108783528,-0.21178613811031774
4.334323401773826,7.854190004215361,0.03670186071853278,-0.19126922185817571,-0.03258917088129076,0.24995760229552988,0.668719100130602,-0.20431521059767357
4.374741012849338,7.791833215317296,-0.037167013859983,-0.18865385734842255,-0.01623237274107281,0.24247836117820654,0.6487103609942291,-0.21726551713553932
4.453142128120852,7.665020608138674,-0.003929572297390979,-0.18964331630259407,-0.021897409066376605,0.250176943232735,0.6693058890207614,-0.21166448387760045
4.453142128120852,7.665020608138674,0.028185219618040075,-0.19084739111858337,-0.028754637988916754,0.2718322992257376,0.7272392456596748,-0.20503598893457337
4.491117541815473,7.600364171481986,-0.04290952615023082,-0.188541764367508,-0.014181863678112583,0.2346159008353741,0.6276764197825409,-0.2189230247544113
4.565663468953754,7.466850085814579,-0.010437598765584533,-0.18937421909682597,-0.020350089273031724,0.260651232238171,0.6973276078894478,-0.21446235957586096
4.565663468953754,7.466850085814579,-0.055900925864551004,-0.18728991258347363,-0.026807182718584066,0.21807545000438733,0.5834268013140737,-0.2365716732354396
4.602122955203531,7.397774858827512,-0.05303203280014817,-0.18812237603518417,-0.011523520964881406,0.21807545000438733,0.5834268013140737,-0.23460060999994647
4.636882755362099,7.32899074057715,-0.02352145297361649,-0.18869791058176877,-0.016851173612653536,0.24095143360416837,0.6446254685526284,-0.22307465976439328
4.670408371498253,7.25966657927574,0.00720728011770129,-0.1892254941312222,-0.021222868143265794,0.20899161290949486,0.5591253883848872,-0.21105452492052248
4.702868786602942,7.189782972371611,0.038125429829017066,-0.1896071627004926,-0.024904651308975678,0.24188864121067843,0.6471327205881116,-0.2023362803799442
4.733540955538308,7.121242572400888,-0.035846179149740864,-0.1869348698646795,-0.008759689739296972,0.24779903721635455,0.6629444279545617,-0.21330135294448893
4.791903158935179,6.983127741176903,-0.003350738287738894,-0.18708115846109952,-0.014157744618080503,0.232234124354037,0.6213046043070589,-0.20773816171676637
4.8196088243318815,6.913255090877599,-0.04588416901015518,-0.18455566009976912,-0.0207169424053264,0.23406764759829735,0.6262097126889647,-0.22671979253213204
4.8196088243318815,6.913255090877599,-0.013481976729188452,-0.1851040420996993,-0.026057552221626867,0.25438248142746245,0.6805566984740704,-0.22309445175698153
4.871503503653528,6.772445560160488,0.01811222005933176,-0.18563819285868827,-0.032075454630723366,0.2611435715191053,0.6986449148627357,-0.2152837442787225
4.871503503653528,6.772445560160488,-0.05349975931219374,-0.18224043845330362,-0.018294756531864076,0.23139932294293253,0.6190713130675541,-0.23146019687721353
4.919763638563181,6.627723401825739,-0.05042459230276053,-0.183115160883023,-0.0014613241246801412,0.23139932294293253,0.6190713130675541,-0.22533653197988632
4.942095962578459,6.5548146255561655,0.008917763382406713,-0.182519328949971,-0.029547337062019396,0.2241274130006854,0.5996172338668424,-0.21670375704333267
4.942095962578459,6.5548146255561655,0.04060571196412946,-0.18259358174500953,-0.032576988381909366,0.2390955983678068,0.639660670314149,-0.20822023173321202
4.983190780873797,6.409403344714291,0.04358660435874655,-0.18190505176893634,-0.016221229163681627,0.2390955983678068,0.639660670314149,-0.19519127926640656
4.983190780873797,6.409403344714291,-0.0001899472587677392,-0.178757743766174,-0.022761618777078052,0.23009885974079036,0.615592266388894,-0.20584609953868466
5.020151028669765,6.263537449607391,0.0026808136876376454,-0.17873774160570122,-0.006701560062660317,0.23009885974079036,0.615592266388894,-0.19792841302510297
5.0369598658373285,6.190791888684736,-0.040785637808855565,-0.1756176536918505,-0.014849952779790287,0.24164815687036956,0.6464893680933674,-0.2144730256017184
5.0369598658373285,6.190791888684736,-0.00801008152044809,-0.17564065769159368,-0.020178128405246687,0.2537604783045362,0.6788926929909722,-0.2116874994377334
5.067265162244921,6.044389309410585,-0.00554520441041239,-0.17573574692801278,-0.006148520000307078,0.2537604783045362,0.6788926929909722,-0.2002074961454265
5.067265162244921,6.044389309410585,-0.04806496330789581,-0.17245203760081693,-0.014256447673842043,0.22946862216957165,0.6139062318088283,-0.2170635271322034
5.093740458445514,5.89489314465026,-0.045305735203782865,-0.17319739122777705,0.0017086850096057482,0.22946862216957165,0.6139062318088283,-0.21096407755115074
5.105207670735214,5.820162172472415,0.014506032543352504,-0.17237643485742798,-0.027092686037654357,0.23521414155779008,0.6292768552234911,-0.2081578471895684
5.11566843875312,5.744763583944473,0.04642960582523773,-0.17248604647099763,-0.031422287336690724,0.24023817083451116,0.6427173219278715,-0.20378535276335932
5.124870255093544,5.670829738489253,0.04904086976765063,-0.1717618631032932,-0.016251744313845018,0.24023817083451116,0.6427173219278715,-0.19152149203499386
5.124870255093544,5.670829738489253,0.005412817352529447,-0.16886166918489126,-0.023861305415945777,0.22963672859640616,0.614355956264681,-0.20241259684156587
5.140498127312462,5.521035349448638,0.008052731232101533,-0.16875637893514733,-0.008223159917169154,0.22963672859640616,0.614355956264681,-0.19286073133711143
5.146716579781759,5.446565748803234,-0.03571937640242209,-0.1658358456479625,-0.016611310973338123,0.24629977981963969,0.658933559782434,-0.2095795501042111
5.151871211873151,5.371341499484425,-0.003210517226950472,-0.16603707605649812,-0.022182843237275485,0.24684453489284874,0.6603909084602042,-0.2084260737074765
5.15581889041943,5.297172278465006,0.02834745001830141,-0.16637835195477566,-0.029334704965122693,0.26987775072171627,0.7220097891381283,-0.20477754774242715
5.158798808638667,5.220893071081978,-0.04380135281129505,-0.16308912567998926,-0.01689266992427596,0.23093760308251177,0.617836103225228,-0.216894972548071
5.160575100687979,5.144835592702532,-0.041214425048018394,-0.16376199983855885,-0.0010636055815971268,0.23093760308251177,0.617836103225228,-0.2073692543387232
5.161239109749209,5.068268428196291,0.0178313192546046,-0.16340788490657365,-0.03014195293267341,0.2332825739893123,0.6241094550827962,-0.2086230305052714
5.161239109749209,5.068268428196291,-0.0559342367133517,-0.16014303642360236,-0.013309102417511154,0.22269901282229754,0.5957959255143793,-0.2198868239950417
5.159126049763723,4.91632518609876,-0.05345207000056527,-0.16098853115775413,0.002149466801005362,0.22269901282229754,0.5957959255143793,-0.21003933083264775
5.159126049763723,4.91632518609876,0.006129482347589849,-0.16012377498899263,-0.026271917357708396,0.23282386080909012,0.6228822888212043,-0.2087521774804561
5.152576955777094,4.767233984321256,0.008793374616678128,-0.15999959510394307,-0.00962939118187034,0.23282386080909012,0.6228822888212043,-0.19380039538133134
5.147849607126552,4.693340680567945,-0.033546734624901015,-0.15688695357328827,-0.01699865840562209,0.26016995600879533,0.6960399013066388,-0.20813038958568394
5.147849607126552,4.693340680567945,-0.0004258857031665753,-0.15704298706790243,-0.02216372900745167,0.2471625614577796,0.6612417047477309,-0.20604011226709812
5.13508603372662,4.54471382801178,0.0017542943614761866,-0.1570337658503254,-0.008280848291386533,0.2471625614577796,0.6612417047477309,-0.1928665445797138
5.13508603372662,4.54471382801178,-0.040766059868501056,-0.15404141218841247,-0.016930665390270994,0.23421769367414924,0.6266111214339252,-0.20990780931527317
5.118003945125915,4.394640011346574,-0.038330521302388766,-0.1546654435964599,-0.0011520197929415499,0.23421769367414924,0.6266111214339252,-0.19988178022906475
5.107854606422754,4.31998777090272,0.021940045266313123,-0.15462710551049222,-0.030336853861552937,0.2508947591832221,0.6712262164812522,-0.20609562794802141
5.096518260612305,4.244728282842778,-0.05090867645221006,-0.1514799197552964,-0.014545568715184087,0.23141883340604852,0.6191235081714141,-0.21538492889353855
5.084180915197164,4.170772426802788,-0.048716712478077843,-0.15219901889471935,-0.00010975753920994258,0.23141883340604852,0.6191235081714141,-0.20387028713343083
5.084180915197164,4.170772426802788,0.011501153376436481,-0.15190702179284543,-0.029248129055448047,0.23384096839065793,0.6256032921895925,-0.20819261488713717
5.0562836243957126,4.023019728808801,0.013992151670363037,-0.1516978559195676,-0.012839022463698058,0.23384096839065793,0.6256032921895925,-0.19319421258889466
5.040916117644742,3.949834072339331,-0.029626797606954535,-0.14890106234040498,-0.02040223895557136,0.2593925369429476,0.6939598325486374,-0.20894787102525705
5.040916117644742,3.949834072339331,0.002626572394542226,-0.14932909833725022,-0.02553791522716442,0.23579496437204284,0.6308306936400542,-0.20777173542663283
5.006765236205475,3.8033687426966543,0.004717912998621305,-0.14927766004897505,-0.011530821602880659,0.23579496437204284,0.6308306936400542,-0.19352254894705198
5.006765236205475,3.8033687426966543,-0.03910962232423161,-0.14653582360506404,-0.020087895598764227,0.23591735942131642,0.6311581293483146,-0.2118707038987085
4.968439356924056,3.657610665325422,-0.03674022768202895,-0.1471477686811158,-0.003952549271361683,0.23591735942131642,0.6311581293483146,-0.1995081395909391
4.94775363938893,3.585388187992403,0.023775963927534192,-0.1476745906441907,-0.03298020652360911,0.25931387089063607,0.6937493530210358,-0.20872675059635168
4.94775363938893,3.585388187992403,-0.048997049999972606,-0.1445032190759192,-0.017372256485368887,0.23129120404233283,0.6187820694338904,-0.21664443312347467
4.902897112126688,3.4410670683938074,-0.046908000062305916,-0.14519480280697938,-0.002950247562078623,0.23129120404233283,0.6187820694338904,-0.20304029221997946
4.902897112126688,3.4410670683938074,0.013150327732735383,-0.1454274312209804,-0.03215753096005103,0.23620767742534876,0.6319347986812256,-0.21071376419619628
4.853902812974819,3.298352198068604,0.01556266724550651,-0.14518909139193953,-0.015556381873260472,0.23620767742534876,0.6319347986812256,-0.1945430477589107
4.828018708039452,3.227758700705141,-0.028654656689620382,-0.14260375997511487,-0.02297396855207423,0.26172893119360474,0.7002111079555075,-0.21123943613568183
4.800801374236244,3.156788060211961,0.003096936748669274,-0.14323319199500015,-0.028032905191565316,0.23089562039186817,0.6177237895971261,-0.21005352661540447
4.772732950317855,3.086851690346066,0.005135589097720446,-0.14317459282610587,-0.013797133484143576,0.23089562039186817,0.6177237895971261,-0.1944734599932326
4.772732950317855,3.086851690346066,-0.03971360385455305,-0.14055737820550748,-0.022165888213616647,0.23740900431540768,0.6351486322752556,-0.21382907438654478
4.713521927861751,2.9476815923268775,-0.03739272075363568,-0.14119253285412464,-0.0056914864992121394,0.23740900431540768,0.6351486322752556,-0.1993781137547116
4.682478394185631,2.878944965056956,0.022546522740591407,-0.14201831244524424,-0.03446641567073372,0.26207401067770764,0.7011344054220124,-0.2103647762751123
4.682478394185631,2.878944965056956,-0.05060313107965485,-0.13884199325223595,-0.018816131523961,0.22963959047676552,0.6143636124715944,-0.2175004482022999
4.616837230881762,2.741981405157688,-0.04857878907130458,-0.1395631656909672,-0.004273970443390285,0.22963959047676552,0.6143636124715944,-0.20226812696990895
4.582165703850561,2.6735609592556835,0.010671900495929233,-0.14001364113350626,-0.033360198671686714,0.2391407128762979,0.6397813622957956,-0.21172430190602887
4.547317436762896,2.6072371684177407,0.01302427755070177,-0.13981443901807702,-0.01654757827868325,0.2391407128762979,0.6397813622957956,-0.19427493219263994
4.511212879852105,2.540707231794902,-0.03198025669963261,-0.13733653984326383,-0.023837351714028898,0.2612258753222877,0.6988651275860738,-0.21199284841689667
4.511212879852105,2.540707231794902,-0.0008191897161349757,-0.13808417077400265,-0.028891891729292407,0.2292184823178105,0.6132370485370247,-0.21062998538215877
4.473698518025016,2.473973560146665,0.0011608753092225213,-0.13808172094325658,-0.01455245911778702,0.2292184823178105,0.6132370485370247,-0.19403682687808385
4.396281867488729,2.343107398310805,0.031018283975925154,-0.13857057437961492,-0.022794787450108878,0.2362427383065242,0.632028594831708,-0.19420126910815175
4.356407057775655,2.2786223439635496,-0.014224853501794768,-0.13630859594453093,-0.028470722402452076,0.2242811100668629,0.6000284098745319,-0.2108713387875835
4.315690189709468,2.2149980728008627,0.016787718049521998,-0.1373718277392394,-0.03343936612191056,0.26002132669319256,0.6956422275043234,-0.21047451669540682
4.315690189709468,2.2149980728008627,-0.056837399741938015,-0.1343510207218548,-0.01987929610802519,0.237274657302315,0.63478922223665,-0.21914567876632604
4.273914676049705,2.151909538947772,-0.05488787168060523,-0.1351591962124758,-0.005412356178150279,0.237274657302315,0.63478922223665,-0.2035340003795867
4.188171770920339,2.0286019890695117,-0.024102047972756203,-0.1353721820447537,-0.013262503011437943,0.2445248997048296,0.6541853356433134,-0.19762528564469742
4.143852760727743,1.9675074312971956,0.037050817080011726,-0.13703221627135256,-0.0401110943829206,0.22855172036787041,0.611453302604364,-0.21178476478641017
4.098521517443567,1.906962305682368,-0.03614314359454679,-0.13367604381351778,-0.023777639819886787,0.2598305739914286,0.6951318480283436,-0.21483869357256716
4.098521517443567,1.906962305682368,-0.005242371974763023,-0.13456094135341054,-0.03076560185866839,0.23818005590758207,0.6372113776696751,-0.21277655433260642
4.052031733833846,1.8468874268527913,-0.003265551295719274,-0.13462342135220304,-0.016078380629975797,0.23818005590758207,0.6372113776696751,-0.19587376991758126
3.957118745248327,1.729544589405788,0.027224650329660566,-0.13521434614632852,-0.023694987479817353,0.23660216842947002,0.6329901554305662,-0.19445546520857152
3.908380689791491,1.6716258590395363,-0.016962775887737064,-0.13309492557392805,-0.02951116446972879,0.22422656061025836,0.5998824771749289,-0.21171715317513284
3.858876266372422,1.6146131883225616,0.014104085448722617,-0.1342991336465296,-0.0345742179553894,0.2572046994154644,0.6881067991623763,-0.2112809113574334
3.858876266372422,1.6146131883225616,0.045067027143439325,-0.13567130453805484,-0.041769003088713674,0.24381362848549093,0.6522825168867433,-0.21318068589716022
3.7572283613472224,1.5028931379811263,0.047034174657732734,-0.13500194896693532,-0.027234039946089084,0.24381362848549093,0.6522825168867433,-0.1967287168764768
3.705670455097941,1.4485274545074405,0.002439987442704475,-0.13312809820770916,-0.03504566630233219,0.262190996187989,0.7014474128021556,-0.21231946758770137
3.6525450126147834,1.3941432024238005,0.034116324209038255,-0.13450970201216766,-0.04117363114369477,0.22501834174064228,0.6020006789874439,-0.21475606615265097
3.5978844684655287,1.339953037703898,-0.03973262442145075,-0.131113190582035,-0.025350253381713816,0.24481395283066953,0.6549586211278637,-0.21808577188032502
3.542054789284758,1.2863232691739004,-0.010175040473526728,-0.1320051256298732,-0.03214699995422787,0.23166403298515992,0.6197794750453018,-0.21616995953882917
3.542054789284758,1.2863232691739004,-0.00810910135230191,-0.1321481256637967,-0.01650534504637058,0.23166403298515992,0.6197794750453018,-0.1969250346433657
3.4300587676288807,1.1833997389191688,0.02099711141191985,-0.13273497658414768,-0.023366367285798884,0.2165033459248238,0.5792210510340937,-0.19550276777882816
3.373454341862184,1.1333848992077464,-0.024333436202927765,-0.1305589714480448,-0.028628887171147532,0.22555671729572124,0.6034409609451994,-0.21387139028311913
3.3166498930576758,1.0847577232447452,0.006887774115268128,-0.1317791022335013,-0.03347498020643158,0.2564735374207112,0.6861507678765881,-0.21295143868043057
3.3166498930576758,1.0847577232447452,0.03858700301961238,-0.13314174147593522,-0.04040649271783758,0.2580672671245584,0.6904143718168742,-0.21421012271977655
3.258940004044452,1.0369107305657486,0.040470003996093164,-0.132581517949662,-0.02623408295147245,0.2580672671245584,0.6904143718168742,-0.19743572317002656
3.1412046485677387,0.943508795127159,-0.03274098817327673,-0.1301386987326735,-0.013159311020889408,0.23858974173006786,0.6383073841523369,-0.19951340551440547
3.0802742643381666,0.897115478059548,0.028183800308851634,-0.13201039516205093,-0.040400119358979136,0.2229061366828332,0.5963500308346076,-0.21615723562961425
3.0802742643381666,0.897115478059548,0.03027727759303262,-0.13154602803674656,-0.024514084545667725,0.2229061366828332,0.5963500308346076,-0.19801130222750105
3.0186789136107675,0.8517643115120264,-0.04457553874207997,-0.12935502343726143,-0.011505071527896593,0.23607404978895685,0.6315773131454567,-0.20167464990112027
2.956607531288708,0.8073956679573878,-0.014444003667424987,-0.12996615834428443,-0.01740324123704884,0.24763010345779768,0.6624924901906545,-0.19997064400581172
2.895031887622189,0.7646492043931609,0.015853853894693556,-0.13082177446646798,-0.023429307260550924,0.23035716588932797,0.6162832964362388,-0.19988174725691063
2.7704106409338736,0.6819570618774737,0.04733457823919097,-0.13202646214854072,-0.0305692052468296,0.265716023179135,0.7108786755877536,-0.20327104641028634
2.7704106409338736,0.6819570618774737,-0.02521588188716603,-0.12958959225885694,-0.01682864204129464,0.23628997736866186,0.6321549704969037,-0.20449067376482075
2.7068315144954562,0.6416914086206996,0.006094005079329001,-0.1306400355333939,-0.023607242044933585,0.2505038221202027,0.6701803673650124,-0.2049667812191197
2.641460774930037,0.6016209626062122,0.03727217313434233,-0.13194790490010677,-0.030771732240541638,0.25417906288731584,0.6800125057623446,-0.2080066947396477
2.5760164048677843,0.5628029214543473,-0.037458710896200585,-0.1295349805401005,-0.016181305394556755,0.22234541582030531,0.5948499698938443,-0.21086114085740043
2.442729353616517,0.4877502393774393,-0.0070046622537846895,-0.1305874450375247,-0.022596605439639816,0.24763171131218065,0.662496791581452,-0.21062985888577332
2.442729353616517,0.4877502393774393,0.02352815743157044,-0.13183992428370414,-0.028963471685342856,0.22424146755640129,0.5999223567819659,-0.21202312360630537
2.3751155873698035,0.4516701359568227,-0.05139376347393534,-0.12958551543621652,-0.013689958805751523,0.22627845773056499,0.6053717873296448,-0.2160749048905102
2.306355491480642,0.4163188798552315,-0.02142429345331618,-0.1305118517473231,-0.019697315838084872,0.24910348523337011,0.6664341349555795,-0.214888662985188
2.23842350775208,0.3827244981510648,0.007925637846000567,-0.13157032555572212,-0.02524416973200294,0.2231038339577346,0.5968789178084886,-0.2146393384693389
2.1708656208059023,0.3505917895541366,0.038786831293364785,-0.1327818022550377,-0.030910004200879637,0.25209120669886287,0.6744269965945394,-0.21610349222041875
2.1021868739806617,0.31917554084728966,-0.03404165986014854,-0.1302925831021036,-0.016134427810141627,0.2412842025985592,0.6455157043261499,-0.21720583911552246
2.033275290558768,0.2889156159294082,-0.002910756483993922,-0.13118337969327654,-0.021820970807138185,0.2380408788038706,0.6368390459961478,-0.2161815386102492
1.9629369736704825,0.2593208328963677,0.02842546140534445,-0.1322109214481384,-0.027888907804414664,0.2627918593791526,0.7030550872298604,-0.21740264195160713
1.892913862876332,0.2311028169703504,-0.04583544682006145,-0.12980068554398444,-0.012548860103232418,0.2309776837428209,0.617943328472277,-0.21883514354911004
1.822817970353326,0.2040983331152523,-0.014654566942068521,-0.1304616270234729,-0.01808630665276212,0.24875767067397836,0.6655089992098686,-0.21711945134094937
1.7510629648852005,0.1777235784857343,0.01683450465567294,-0.13124330861753108,-0.024105462759470342,0.23928466989803898,0.6401664813806983,-0.21761596054636637
1.678855832296584,0.1524341778246408,0.04708035047036223,-0.13207279158321522,-0.029404778505294882,0.22156450800827487,0.5927608567799095,-0.21915975611485694
1.6053271491610313,0.12796160925566027,-0.027359423635514808,-0.1293686150998387,-0.013893766762448134,0.2512954104753887,0.6722980534582745,-0.21681069933034947
1.532592925122454,0.10501653487688462,0.001854758006172151,-0.1298095103197605,-0.019101020542995784,0.22534133987782146,0.602864775406717,-0.21625155207844848
1.4606496449967106,0.08352726538174855,0.032309038886776935,-0.13036244422747223,-0.02413752370042843,0.2389623274343009,0.6393041390429737,-0.21661770810563852
1.3876729035163904,0.06292628275619172,-0.040788975766916445,-0.12794472173165375,-0.009061091903129093,0.24801475161741937,0.6635215150027206,-0.2141299991551573
1.3146996860353721,0.04352334778755518,-0.009977090260730213,-0.12817017728895627,-0.014689625653174332,0.22729506150748735,0.6080914429014347,-0.21348414452386075
1.2405092835603904,0.02499471893326242,0.02112734867646475,-0.12852752711609414,-0.02044941016950652,0.2623807867443555,0.7019552179541056,-0.2144419060017158
1.093621073067856,-0.008207913968816712,-0.053380792364215605,-0.1262460232747645,-0.005366015914271216,0.23589960548444655,0.6311106333676533,-0.21075151954900131
1.0190472022156665,-0.02332533318566319,-0.022470158959741013,-0.1263018043511172,-0.010868487612691435,0.23891650057750813,0.6391815413611202,-0.20980667967714856
1.0190472022156665,-0.02332533318566319,0.03775839360177402,-0.12743629622498293,-0.03796476329237253,0.22082573805246863,0.5907844723987085,-0.23821724286903545
0.944272957221335,-0.03735104346383732,0.03966022872478223,-0.12685729045043506,-0.023007251464734146,0.22082573805246863,0.5907844723987085,-0.2132056492606863
0.8687123769893197,-0.05012235710876405,-0.034492832578250913,-0.12437484067132716,-0.00797651438881486,0.2543073852248886,0.68035579836885,-0.2048163454737255
0.7217575060431818,-0.0716971472720609,-0.004442565929356733,-0.12422471153997978,-0.012868750542053498,0.24448167923801778,0.6540697106711776,-0.20374148366341904
0.7217575060431818,-0.0716971472720609,0.02738655419563135,-0.12420888635166501,-0.017756460806761964,0.2468824384475008,0.660492309434644,-0.2033077580762431
0.6475737123621946,-0.08105430622088183,-0.044533005806467935,-0.12200283693933536,-0.0036144822996404535,0.2666021979858799,0.7132486852712371,-0.19026320406467626
0.5728967616329234,-0.08940767992542806,-0.012917270572497757,-0.12189880925421322,-0.010597649295550404,0.23252832640872945,0.6220916643942233,-0.1927907965743748
0.4965860201422964,-0.09695020874130408,0.018349627291793378,-0.12206062489839221,-0.01727970886915653,0.2604104984764394,0.6966834986840369,-0.1955989997674342
0.4201049495232468,-0.10348339004681732,0.04799408559237647,-0.12256970046139337,-0.02449409794909707,0.23684509816019117,0.6336400499230985,-0.1993370148293975
0.34411086693577086,-0.10889880093864568,-0.027033648166589087,-0.12014646849760655,-0.010486280061692721,0.21757602949986932,0.5820907333310386,-0.1758568512371763
0.18992211532115996,-0.11673240880207451,0.0031131496623904697,-0.12060514382455703,-0.017582235727326534,0.24468086999297045,0.6546025930574663,-0.1726784736157613
0.18992211532115996,-0.11673240880207451,0.032036223658667415,-0.12129587611963205,-0.02431535882052227,0.21080793718293034,0.5639844854515756,-0.16271333423293521
0.11293346192836282,-0.11930923174407228,-0.04319150482888433,-0.11922463111816463,-0.010258003325283482,0.24328288394932374,0.6508626497096269,-0.11409638085024786
0.03699343660115633,-0.12100557607470735,-0.014103400420057942,-0.12018067056075357,-0.018985683743574455,0.24640450987173823,0.6592137374447539,-0.08189577772908106
-0.03740233975216333,-0.12219901412835309,0.016032553460083244,-0.12180008814297745,-0.027806097722947953,0.22762268678537168,0.6089679180166023,-0.03416738634172012
-0.18799959249150516,-0.1242783601619229,-0.05713676647887919,-0.1204913066638272,-0.017723051544298762,0.26722031352899267,0.7149017900667453,-0.030861289833222054
-0.18799959249150516,-0.1242783601619229,-0.011082789422497876,-0.12408332730661645,-0.024772090818144576,0.23111482934370098,0.6183102253951948,-0.08825920848215627
-0.264022928288326,-0.12534872583162307,0.0187120322415272,-0.12905703410249098,-0.05127046072923136,0.25465344364222897,0.6812815864922573,-0.17270553495170865
-0.3398620973212612,-0.1258460378571398,-0.057062095119497974,-0.12873021364197693,-0.04928506454085246,0.25486761642567857,0.6818545493486394,-0.21868090301747972
-0.4150260676181866,-0.125143981132793,-0.028006902084951504,-0.1353156249772589,-0.06663805095453901,0.22312535002103528,0.5969364783672498,-0.2844084085769345
-0.49155068405470775,-0.12278943233756774,0.002226900916701716,-0.14267934872608196,-0.07974757580140457,0.2556805172666794,0.6840292513827329,-0.34027488482328144
-0.5681981479472403,-0.11863810040381167,0.0318193547204669,-0.14994519099862264,-0.08759076111391773,0.22114157997202977,0.5916294242431137,-0.35378391141536863
-0.6451054479878676,-0.112218787957478,-0.04228509071467262,-0.14706354158541207,-0.07007862537090048,0.23449233323064822,0.6273458472110875,-0.352220930055636
-0.7211312441414055,-0.10367045060929016,-0.011794057252824224,-0.15230511944669642,-0.0693302011357102,0.25097378041817253,0.6714376169765094,-0.3475601475286778
-0.7956075541501202,-0.093385991710491,0.019987586594813277,-0.15623372796523202,-0.06546291419395045,0.2202891391923978,0.5893489435203619,-0.3330591926004188
-0.870610800745911,-0.08115255563656606,-0.051195063763463694,-0.1525692683288018,-0.04022626226821213,0.25692010895917927,0.6873454523744905,-0.3146424270234174
-0.9453786927306718,-0.06720165483735697,-0.018815578100131448,-0.15446825388562455,-0.036908497985548294,0.2322940157606307,0.6214648279864722,-0.2975252963372109
-1.0202292539255982,-0.05159461312734125,0.013607814650702939,-0.15533757069410156,-0.0331814985189256,0.23656803463324538,0.6328988394516207,-0.27964964408865917
-1.0942755409943217,-0.03461131559058943,0.0453982853853465,-0.1553453202363235,-0.031029671926785074,0.25947824257783303,0.6941891472404694,-0.265358490687596
-1.1670158748474662,-0.016526032557488506,-0.02714689167308822,-0.1515977996568345,-0.009232429913782259,0.22611380419571747,0.6049313001766083,-0.2478417954027617
-1.2404287976883228,0.0030982068408369748,0.005732527631414748,-0.1506188784440803,-0.00953960653665975,0.25525342748450075,0.682886685191141,-0.23567414613740661
-1.3139386330538276,0.024036823748331104,0.03726568494848845,-0.14926478230909954,-0.01169707821587851,0.23508019648670841,0.6289185204748398,-0.228160679194309
-1.3877626234120508,0.04631879664386829,-0.03635154706425154,-0.14626737562278086,0.006990151066392336,0.22564518286257984,0.6036776272622829,-0.21413069329759013
-1.460834707247986,0.06962377908959223,-0.006228517936593958,-0.14435609055764087,0.003398449276027282,0.25216621912600745,0.6746276725806708,-0.2077875379561099
-1.6040219472862145,0.11866617233196612,0.024170794238669913,-0.1424602658615686,-0.0008794759411872022,0.2230267839411869,0.5966727907887319,-0.20379778644174684
-1.6040219472862145,0.11866617233196612,-0.04893857020368161,-0.1401554290555933,0.01519586576203169,0.24847432840608596,0.6647509916211791,-0.19370044838875264
-1.6753920200806451,0.1447965343715018,-0.018165340691524222,-0.13805937447191707,0.008680667686727261,0.24286002886090508,0.6497314123255218,-0.19183975583575355
-1.746828236162179,0.1720240957847341,0.012564342856943467,-0.1362259996261163,0.0025579750316326866,0.22766423308463823,0.609079064194546,-0.19077390468861002
-1.8174758141776917,0.20002558429790052,0.04271248694769871,-0.134724861192155,-0.0043216421938025995,0.2582217517624551,0.6908276547652052,-0.19195458223668982
-1.8868395265315487,0.2285849787289715,-0.03144251906415764,-0.13240604091386193,0.009215619523739171,0.23154242548543202,0.6194541462183649,-0.18545436459071077
-1.9564185797435572,0.25834300333230803,5.956313890056325e-05,-0.130946845924895,0.0020981528143511063,0.24811646207210702,0.6637936145277078,-0.18521193552598741
-2.0259143880639794,0.2891257554702169,0.030766030873590176,-0.1298277634592858,-0.0058564173238773165,0.24833307688249784,0.6643731103837976,-0.18775434470179042
-2.0956757887991055,0.32110715142085133,-0.043471801457751875,-0.12772466248552228,0.007659608219885428,0.22352272119585948,0.5979995402544991,-0.18335589097671628
-2.1647419416183915,0.35390796991449486,-0.01384684233473428,-0.12662751793150293,-0.00011141782018064816,0.25200587050071643,0.6741987020789838,-0.18427300034120306
-2.232647480726177,0.38722318978073794,0.01603660536375833,-0.12593248245035288,-0.007924731507917837,0.23047880966539558,0.6166087223109658,-0.18568440544228232
-2.300549164733865,0.4216355599827842,0.046779762044422864,-0.1256887129575112,-0.015257974612551184,0.23669394997429472,0.6332356927730755,-0.18909495257498837
-2.368055641639333,0.4569836407633512,0.0007393580108519815,-0.12324596712591986,-0.02355352282217149,0.22161263637127393,0.5928896115352656,-0.2076915778456968
-2.4354684363777035,0.49346189355384384,0.0023718349141386777,-0.12322536046695745,-0.010306926977102115,0.22161263637127393,0.5928896115352656,-0.18872003185457364
-2.501435582944885,0.5304992011352466,0.032040089367796995,-0.12337069841094474,-0.017837662230368867,0.2516704423651779,0.6733013524738959,-0.1904813289624485
-2.56539608464746,0.5675220933866755,-0.04186265771082411,-0.12113461594162377,-0.003790535969783182,0.24754288594143037,0.6622591627038487,-0.18820169409999893
-2.6292314241359422,0.6055532026089008,-0.009388648492742707,-0.1211631162673118,-0.010728612438402951,0.2531928201981024,0.6773740732818185,-0.18719410775459838
-2.6928711413124127,0.6446050522004133,0.02249769214727327,-0.12159027990039911,-0.019062924082587696,0.26880881091185793,0.7191501100944916,-0.19007342871871347
-2.757114441657347,0.6851799299401734,-0.0505712888594383,-0.11959617951997215,-0.006067396903796762,0.23291806096070156,0.6231342965089689,-0.19130188449458294
-2.821063928796935,0.7267936821387977,-0.02029609481485678,-0.11999724302798565,-0.013783758126826307,0.2524308595313418,0.6753356482632589,-0.1920407119648881
-2.884550714082859,0.7693467472129022,0.009634014200377204,-0.12077343413661691,-0.02167248014745038,0.23452333662053138,0.6274287886126008,-0.19441344751794906
-2.9482611051695335,0.8133288348699532,0.03954082500861977,-0.12189970350625581,-0.02857023852270002,0.21589053355739718,0.5775816329959482,-0.19693789705406653
-3.011503419606785,0.8583227878661895,-0.03619053305064244,-0.11960592607733866,-0.014869360472918203,0.241800878737228,0.6468979352122045,-0.1978314424706415
-3.074147471513565,0.9042593116097556,-0.007453510247537105,-0.12062640391126815,-0.02168660010261858,0.21134784653252403,0.5654288706724628,-0.19827600190472858
-3.134895457692244,0.9501667500545824,0.021267262429524113,-0.12192474862737493,-0.028039470028222713,0.2370533042015951,0.6341970503331302,-0.19946878591824718
-3.1940503584248,0.9961894305331612,-0.05318972608637176,-0.11986881560226878,-0.014357126258367714,0.24953670672789063,0.6675931049280893,-0.20338225103227708
-3.2525029876220897,1.042995294375752,-0.021770358886311646,-0.12110505166553777,-0.021089758884513365,0.23339580617532552,0.6244123779644413,-0.20140142883811138
-3.310304097804297,1.0906775686736905,0.009640145538107804,-0.12262061031284921,-0.028407072299684977,0.2706156565011608,0.7239840794576897,-0.2031436447850064
-3.3681521101181082,1.139784482305828,0.04100109620136214,-0.12440070933793018,-0.03570221218923475,0.23456894609794354,0.6275508047531907,-0.20607873640520874
-3.4809201584260414,1.239801517962274,-0.03305023246421949,-0.12199055213798277,-0.021132764815205984,0.24871837774189676,0.6654038813221582,-0.2071427254655818
-3.4809201584260414,1.239801517962274,-0.0020556309253014146,-0.12356407461071056,-0.028238892401718285,0.25429594781233844,0.6803252005848609,-0.2073368708304798
-3.536972558322728,1.2917613803170385,0.028968287566305886,-0.12536815913495492,-0.034648064722728744,0.21987093930980273,0.5882301599129816,-0.20834111142430842
-3.5926393196767403,1.3449260138850383,-0.04560481992212834,-0.12306688601846265,-0.019984288987869636,0.250678427135688,0.6706474770826887,-0.21173006218526386
-3.648192757982387,1.3995946745910368,-0.016120395624654574,-0.12457644406832416,-0.026263959464422282,0.2191831132419818,0.5863900624824623,-0.21060216934116963
-3.702062514047298,1.4542685042786023,0.012506279014250742,-0.12625258505458747,-0.031693887882636496,0.22184241618743705,0.5935043268958611,-0.209818872595157
-3.7545391393762073,1.5091622394783948,0.042248471910594804,-0.12811107934785554,-0.03770381157328462,0.2492800777367581,0.6669065616735178,-0.21135449044327861
-3.856618414664776,1.6208080007334678,-0.03172618459336757,-0.1255959699279973,-0.022489410451651537,0.21827939153389941,0.5839723931460611,-0.2121372061219301
-3.856618414664776,1.6208080007334678,-0.0010795691903162513,-0.12719941371119928,-0.028458850766506227,0.259720956361819,0.6948385542094837,-0.21058375417702813
-3.90668535053834,1.6781202628035787,0.029970530378277363,-0.12898727190660167,-0.03502682217055364,0.23984695783581444,0.6416707346184249,-0.21151270670449893
-4.002444217073938,1.7927628703450713,-0.04414251901255172,-0.12663262456396673,-0.019766085982261927,0.23814110981182768,0.6371071876511805,-0.21428458170153297
-4.002444217073938,1.7927628703450713,-0.012569134975179315,-0.12812916805377178,-0.026093089135332814,0.26735813147713183,0.7152703740855657,-0.2121878291852831
-4.049343951089884,1.85154427339204,0.01949748138932319,-0.12982371156111078,-0.03237516773326954,0.2298672889973732,0.6149727598742661,-0.21148876202779804
-4.095591118063628,1.9113212543275064,-0.053746558920128897,-0.12762599472827085,-0.017485585117269498,0.26058568304694507,0.6971522239417532,-0.21602858589942564
-4.141871526350055,1.9730131641027844,-0.02279964591677007,-0.12895902586495694,-0.023845677521321385,0.23712620658382544,0.6343920814500009,-0.21356139176737676
-4.186828087016615,2.034921417342228,0.006714107581207461,-0.13043964567492847,-0.029354464012566694,0.22026346038634848,0.5892802466400896,-0.21151189430256784
-4.230702487264307,2.0973219278072515,0.03681182501242736,-0.1320558142127587,-0.03508300078416582,0.2496147338330642,0.6678018458910412,-0.2116772687288429
-4.273824150616782,2.160611817805617,-0.03740495094182486,-0.1295540960352053,-0.019599966336665275,0.21523674117024627,0.5758325837115827,-0.21308080310269792
-4.315694957667427,2.224107868125698,-0.007325493719170351,-0.13087402456904518,-0.02506255384861511,0.24552123793474112,0.6568507760832171,-0.21010521438730692
-4.35693848677141,2.2887813591510167,0.023169953155568905,-0.13235880058757138,-0.03135162147680326,0.24282417135493972,0.649635485015292,-0.2096383802761175
-4.396492739320468,2.35287317228252,-0.051479155978003746,-0.1300891350635633,-0.015973412117673558,0.22627023611031383,0.6053497925507224,-0.2134627342322463
-4.434800093785599,2.417028945135124,-0.020200715916578994,-0.13129013055572725,-0.022106255902180294,0.2635878082484774,0.7051847344803323,-0.21017198479596869
-4.4724269253795095,2.482249531406054,0.011631630118645063,-0.13269877649226686,-0.028512174926984102,0.23136963872348182,0.6189919007589854,-0.20830203979084858
-4.5090238373403375,2.547904760646764,0.042952759470080516,-0.13424338390833057,-0.034428779996845016,0.25437127814698535,0.6805267270487585,-0.20842856371386767
-4.54525913554595,2.615191138739473,-0.030251761490682212,-0.1317208216230066,-0.019959117874374765,0.25190192625856367,0.6739206266441454,-0.20960611917490454
-4.580201226652559,2.682414567407052,-5.2437381871717204e-05,-0.13298717311236874,-0.02596625058535862,0.224857443459351,0.6015702380259422,-0.2072668179590642
-4.614104507937976,2.750080818598328,0.030766443764749213,-0.13447805542026486,-0.032252248553594765,0.2537841503826095,0.6789560213992364,-0.20687429897662382
-4.647406862608968,2.8190216341011665,-0.042917082793394914,-0.1321304171920758,-0.017520444859379758,0.22372016609898304,0.5985277520741794,-0.21011382225646497
-4.67960705979834,2.8882543674719323,-0.01281543220272504,-0.1333542466405612,-0.023309252598855412,0.23554788656576475,0.6301697020642177,-0.20678883093015715
-4.711115145056962,2.958781002993442,0.017404543141317404,-0.13478111399516868,-0.029753061896768518,0.24707878136471917,0.6610175731813639,-0.20541297849640308
-4.74108274754222,3.028590560284432,0.04682404850435771,-0.13633649376972276,-0.03551543960529879,0.2205661947768932,0.5900901327439071,-0.20578224382027993
-4.769794431146786,3.0982248918982487,-0.02710678715955768,-0.13378929853133212,-0.02068378834770246,0.2518578020422434,0.6738025839283017,-0.20648452621926366
-4.797739073606127,3.168868495959833,0.004137858965272322,-0.1351919982879079,-0.027301357709753615,0.2325062813881228,0.6220326887495479,-0.20431960279443276
-4.824507899839776,3.23955171182923,0.034793853113867304,-0.13680128225926697,-0.033452005049797284,0.23810755982674403,0.6370174335051328,-0.20373829152871836
-4.850550086097393,3.311435548277899,-0.03881713434369974,-0.13445547310600203,-0.019178320733566734,0.25814266775109707,0.690616086328208,-0.20736472129870012
-4.875234145853306,3.3827282826225917,-0.008643847497550441,-0.13583329327319896,-0.025445722036140594,0.2287643111770924,0.612022033305486,-0.20451264566312566
-4.898738629202173,3.4540014570867563,0.02249819660758587,-0.13748575195665194,-0.03199767520171504,0.2531125357941323,0.6771592935106402,-0.20296565599726404
-4.921567810428479,3.526704235445843,-0.05059018211206105,-0.13530855709307682,-0.01788681260998093,0.23653418941068993,0.6328082954755019,-0.20924863595149032
-4.943361192853141,3.599720179302677,-0.020130023279944138,-0.13672026213866798,-0.024033021940081056,0.22887607075851346,0.6123210166215158,-0.20566983522760554
-4.964123481678728,3.6733228130802904,0.010266756946917366,-0.13837416031668165,-0.030658146981684675,0.25336382330200713,0.6778315470340158,-0.20299712400694497
-4.983896569565929,3.747568490792424,0.040468426868862054,-0.14019401026057426,-0.0366961131141148,0.2205323287395622,0.5899995330833374,-0.20236234957570787
-5.002214034930525,3.8205076677794376,-0.03426827264731218,-0.13773077161693112,-0.021865479952541067,0.24437838913847743,0.6537933852225583,-0.2048332227932382
-5.019876434709937,3.8953130116089856,-0.002864747269373774,-0.13938546415926323,-0.028565301544368538,0.2413175998962669,0.6456050499973502,-0.20281068340372582
-5.036032554248021,3.968486162476726,0.026914332882093606,-0.141251401912896,-0.03501510052452739,0.22395000397246667,0.5991426227518396,-0.201553151172313
-5.0513173440938814,4.042745568687249,-0.045963220154435616,-0.13905983216234266,-0.020576377053680872,0.2606735149409609,0.6973872276697606,-0.20799359543054244
-5.065649132328059,4.117692051850751,-0.015143066535024043,-0.14073975753657988,-0.027241956987605676,0.22830785637974338,0.6108009087522815,-0.20487352141437856
-5.078551631887385,4.191096047466347,0.015211201141838958,-0.14267966697835407,-0.033744656977181764,0.24681715499825818,0.6603176607657046,-0.20203025294208618
-5.090681432752169,4.266507924065134,-0.057280501034758166,-0.1406364719450208,-0.01960712177993984,0.25141996505641984,0.672631266424805,-0.2114532286205586
-5.101534993652268,4.340533569746683,0.0028138320558803477,-0.14437074365814662,-0.04703306963409548,0.2600453952699189,0.695706625583426,-0.21893689243336992
-5.111418545682363,4.415942872453651,0.004899424144673516,-0.1443150197252371,-0.03258444714986819,0.2600453952699189,0.695706625583426,-0.20538478660831364
-5.120222112720371,4.492812754535127,0.03553023654948155,-0.14644258319089692,-0.039120753541258324,0.22669075373586867,0.6064747766687616,-0.2017878292394848
-5.127874451089356,4.569313167434723,-0.03961015672900518,-0.14388368325923073,-0.024028941687184835,0.22180180411396244,0.5933956799928946,-0.20787814640463592
-5.13464345876835,4.647962726891676,-0.009618245609768953,-0.14565988162811747,-0.02948741541817279,0.2330455273701887,0.6234752993053846,-0.2037360531708992
-5.144359722357542,4.801072686178475,0.018250514886229304,-0.14762886480136944,-0.035406992820787186,0.2045494099666887,0.5472414447495404,-0.19942277367408512
-5.144359722357542,4.801072686178475,-0.05611784785456336,-0.1455384862260817,-0.020081599723165144,0.24317737024532837,0.6505803755931175,-0.21007756885187986
-5.147590293127953,4.877705364474645,-0.026122570151974563,-0.1472981856850182,-0.026499542914970364,0.2314894423960817,0.6193124039216776,-0.20700518639852727
-5.149584925164324,4.9517002789227575,0.003945909320458548,-0.14934391352601445,-0.03291651551307573,0.23495521450156553,0.6285841641012131,-0.2021367438034655
-5.150387709844106,5.100247167171991,0.03664646965680922,-0.15164845243859196,-0.03966044176664796,0.2699250787090668,0.7221364166695461,-0.19945903265372808
-5.150387709844106,5.100247167171991,-0.03634138996541306,-0.1492620310481819,-0.02553648322605162,0.24153033614832087,0.6461741697924506,-0.20696385509306436
-5.149270650726953,5.174713205470688,-0.0029774693697226873,-0.15137275623047128,-0.03218471817234936,0.2720765878993108,0.7278928477547523,-0.2033086438721684
-5.147006510886709,5.250794757621264,0.029191709204316314,-0.15375722270194564,-0.039645664832128835,0.2465985799109165,0.6597329207050852,-0.2006609140806662
-5.143692541077723,5.325968968945876,-0.04471737713702067,-0.15145635615580075,-0.025427203983904745,0.2302288870718966,0.6159401202564049,-0.2109524281012075
-5.139173495162672,5.403710493958251,-0.013136757900957396,-0.15358807495252802,-0.0319054431030068,0.25118864109711225,0.6720124201160433,-0.2076734505579245
-5.133575697793385,5.479831972566175,0.015817817601008595,-0.15591178286884907,-0.03841022589471921,0.21541011376981556,0.5762963964251675,-0.20369753921840525
-5.126770414860643,5.556527599278986,-0.05809493740223696,-0.15381967743121636,-0.023053663404118963,0.23788225223858228,0.6364146824123077,-0.2167735837242897
-5.1187865905521495,5.633882683911141,-0.028178052075188004,-0.15584537744811253,-0.029263018425289777,0.233474232330944,0.6246221864817246,-0.21363752289640567
-5.109838615377777,5.7088897711777085,0.0010028614474215502,-0.15809036580558353,-0.035295241515267195,0.21541149781481506,0.5763000990729243,-0.20732267223458142
-5.09954686825669,5.785034064689582,0.032444677778054445,-0.16050429191054136,-0.04116161261028228,0.256095416097025,0.6851392038945116,-0.2024682960374131
-5.088506434203261,5.858845106737479,-0.04196023357286507,-0.1580614877086199,-0.026139708408855045,0.23349491762338703,0.6246775245319319,-0.21287532014469618
-5.076430347750188,5.932617397026283,-0.009535080312704482,-0.16021554942453317,-0.031768895105757755,0.2548827073518265,0.6818949211457086,-0.20842042071766856
-5.063093299316672,6.006951947804189,0.022552634628416054,-0.1626039208558991,-0.03876127891425862,0.2586756178320587,0.69204185385935,-0.2034560724409623
-5.048927882575419,6.079722657488293,-0.05062866694197479,-0.16038606259000265,-0.024498331696337194,0.23478827863206053,0.6281375711631019,-0.21662484339522844
-5.016644757898338,6.228340401943187,-0.01777622415902847,-0.16248066659708965,-0.030807755601558018,0.26494146455165046,0.7088065882642142,-0.212595358793156
-5.016644757898338,6.228340401943187,0.012588817557041693,-0.1647562421838805,-0.03758804569392327,0.23232919726099788,0.6215589468218239,-0.20677530020160104
-4.998663246924345,6.3027534978797375,0.04418148074816287,-0.16716991807330792,-0.043098418069231315,0.23637097668798235,0.6323716628357499,-0.20252603413670692
-4.979258729193181,6.378262311386924,-0.029841141237135896,-0.16455575505128045,-0.028066147158689603,0.2430058760969276,0.6501215881807396,-0.21165751276986977
-4.959257715976794,6.451803246765927,-0.0006919513081903167,-0.166619650330539,-0.033928214628133446,0.21174153426547082,0.5664820784814035,-0.20869226723480963
-4.937687418079371,6.526508086750305,0.030210920418875912,-0.16898105171047006,-0.03978454089714267,0.24453163957437907,0.6542033663886146,-0.20411498766929043
-4.915549269383454,6.599064146831096,-0.04507640008366563,-0.16661418536513833,-0.02529145136655231,0.23234666429785755,0.6216056752770953,-0.2176654558836839
-4.892395373045916,6.67127123283686,-0.013699009162225523,-0.16867844337464416,-0.03066313324984904,0.23081224844371795,0.6175007499149373,-0.21379545129989314
-4.86792648505239,6.743597079429931,0.017529173900349526,-0.17094257275288996,-0.03712319084334492,0.2589622146638322,0.6928085681762596,-0.20765415212682062
-4.843002896840132,6.8137082650345935,-0.05631497434568845,-0.1687506757546514,-0.022577323707026142,0.23098129203890183,0.6179529815178025,-0.22359193236242667
-4.816540857948606,6.884920126825648,-0.02347531657501986,-0.17067467503399633,-0.02812833230604772,0.26176593792242475,0.7003101234592892,-0.2190054394791486
-4.789334627461813,6.954677271966545,0.007606989256905006,-0.17273160359675194,-0.03485668014797638,0.24855920587138125,0.6649780589178493,-0.2114270756793902
-4.760698286526979,7.024815443039161,0.0400090177481502,-0.17488653270053528,-0.04031283637230665,0.23399528010037862,0.6260161125141482,-0.2054717298261962
-4.730476147824331,7.095864398722909,-0.03303112452082443,-0.17227571695729707,-0.024886367095660056,0.25641631532514253,0.6859976852355658,-0.21583170190190493
-4.699855078535788,7.165154918286784,-0.0029896681809450792,-0.1740010132636634,-0.03068745288927288,0.22236216831160138,0.5948947867707131,-0.21228630437672327
-4.667460451733529,7.235447916702083,0.028545126358152137,-0.17599993355871,-0.03626597512715879,0.24239907363715385,0.648498248067154,-0.206546967097284
-4.600450897489995,7.372641106059859,-0.046274920672543046,-0.17361314752939455,-0.02173852290329137,0.2417928321785937,0.6468764087645167,-0.22089352466685008
-4.600450897489995,7.372641106059859,0.013034026198073534,-0.17725915221755434,-0.047841207730972224,0.25218015640702296,0.6746649581041252,-0.2216308493445635
-4.528881093499574,7.508156575518683,0.0156856152508918,-0.1770442158276264,-0.03287358512910177,0.25218015640702296,0.6746649581041252,-0.21109291390825557
-4.528881093499574,7.508156575518683,-0.05902429522966928,-0.17481509073190257,-0.017963241054028467,0.22803191594196892,0.6100627028099936,-0.22735301465257088
-4.490831786178565,7.576365173668271,-0.027469712040062308,-0.17616102418923224,-0.02305000584156769,0.23020413721033917,0.615873908522381,-0.2226716480664896
-4.4523604002265,7.642728332631273,0.0017863146626306697,-0.17757446382378325,-0.02860343647106811,0.24081297154253156,0.6442550497857877,-0.21374257298372415
-4.412711180473434,7.708619144615066,0.03258898930200215,-0.1790391618418235,-0.033323416436619624,0.20988157557462028,0.5615062490268006,-0.20696000818502816
-4.371808584133098,7.774354013086872,-0.041372874877024374,-0.17650645106493407,-0.017028243791499698,0.24783566585172223,0.663042418218346,-0.21838362442848056
-4.331049112612737,7.837851932196695,-0.011439784560716884,-0.17752840787595012,-0.02273693095208862,0.2345484735589234,0.6274960358687169,-0.2146118771248241
-4.288936432003616,7.901238176477057,0.02050408684936321,-0.17882459344712312,-0.028169585967134814,0.23701025815976107,0.6340818919890675,-0.20764116817730774
-4.203447813688892,8.023840772563231,-0.02274183489180502,-0.17718370293978628,-0.03449308790482064,0.23124954208901205,0.6186706138539956,-0.22409580739142404
-4.203447813688892,8.023840772563231,-0.0200508057524761,-0.17750836833900824,-0.019319489589081584,0.23124954208901205,0.6186706138539956,-0.21833913010069578
-4.158710190874717,8.084940740227479,0.012209272579688804,-0.17860712992047695,-0.025440393843080167,0.26283690026684314,0.7031755989942774,-0.21017253789741536
-4.1142311528836535,8.143740902715953,0.043774580300967314,-0.17974542013475753,-0.03150207421235807,0.2538045519124472,0.6790106003173515,-0.20537119388097805
-4.0679430275112285,8.203174419261769,-0.027132564396409084,-0.17713511520705774,-0.015914372483522565,0.25009048143479473,0.6690745832595075,-0.21345820791406542
-4.021239976065348,8.261458974532767,0.03468226300668953,-0.17953336898362846,-0.04341351942571492,0.22510305761512817,0.6022273139904758,-0.21663368112728687
-3.9728231977329247,8.32004851164627,0.03730364532534093,-0.1790070612889839,-0.028791259894710985,0.22510305761512817,0.6022273139904758,-0.2074329706005214
-3.922752763712712,8.37872725004197,-0.03600604602559827,-0.1765356621472564,-0.013836371803157,0.24694222728581428,0.6606522587196465,-0.2172822899600915
-3.873370483824056,8.434946142767073,-0.005749577410969084,-0.17714470277376565,-0.0193603553241688,0.24572357522141952,0.6573920761861549,-0.2136407818583346
-3.771254838244606,8.545929493869743,0.02678911630026333,-0.17800642818833282,-0.02498689070947102,0.2360958131316102,0.6316355352349788,-0.207970003446155
-3.718839896492805,8.600457279928852,-0.01676650486140882,-0.17592624157052977,-0.03150164463534344,0.22797034752400902,0.6098979927284931,-0.22373366526948
-3.718839896492805,8.600457279928852,0.015174183085564827,-0.17704097502018548,-0.03583465052808177,0.25084269557823746,0.6710869340227378,-0.22162944041295135
-3.6118829707115663,8.706494979034717,0.01782001447185208,-0.17679425825697836,-0.020879768560855938,0.25084269557823746,0.6710869340227378,-0.21038305203240323
-3.6118829707115663,8.706494979034717,-0.02565571600666859,-0.1744135026281838,-0.028074354597435236,0.23272209254338572,0.6226100346380732,-0.2262012279195654
-3.500921967988774,8.809985147747946,-0.022711840041573575,-0.17482121720424065,-0.01121574304675399,0.23272209254338572,0.6226100346380732,-0.21835307329532938
-3.444420271231474,8.860225495878622,0.037260345901172,-0.1760824877595909,-0.03943295447466966,0.22883460601231198,0.6122100886173124,-0.21914482782934494
-3.444420271231474,8.860225495878622,-0.0352513013742633,-0.1723830833235087,-0.02216205760752632,0.24842775090827196,0.6646263857970361,-0.22917373639314523
-3.329718511751414,8.95750615544105,-0.0325422286409191,-0.17291496470745676,-0.00647116583156826,0.24842775090827196,0.6646263857970361,-0.2201125655318538
-3.329718511751414,8.95750615544105,0.028807930860182726,-0.1732708516910857,-0.03444471563371121,0.23157218127328272,0.6195337499893304,-0.21844967113405073
-3.2113449387086273,9.05170029048512,-0.0444232911060289,-0.16964569437432653,-0.017469050352337256,0.2569093557542289,0.6873166850076718,-0.22866980734502823
-3.151151504366867,9.097297975554568,-0.012364868415677174,-0.16967995934744834,-0.024225380191530532,0.23395920925488456,0.6259196144702169,-0.22466299465795167
-3.089077011012802,9.142754092801669,0.019743421881854004,-0.16972235952429426,-0.02786392785561287,0.2410674097879817,0.6449357322774569,-0.21684339015827908
-3.0276819067462455,9.1863294409367,0.022352416914502307,-0.1693984990729816,-0.012477415972617756,0.2410674097879817,0.6449357322774569,-0.20304605079687288
-3.0276819067462455,9.1863294409367,-0.022653431809594615,-0.16582893448026692,-0.018751364511450652,0.2214034227978623,0.5923299157387925,-0.2156923159220545
-2.901824975585135,9.271722727978904,-0.01978774596325479,-0.16619524239070835,-0.0014898824211528883,0.2214034227978623,0.5923299157387925,-0.20471505115095143
-2.8388398771369348,9.312448983584837,0.03970890827581469,-0.1656574033662661,-0.02993377008444642,0.2383112443581027,0.6375623378062705,-0.2100553308785255
-2.8388398771369348,9.312448983584837,-0.0324991815638192,-0.16216005967556113,-0.01333536010318781,0.2500210345945515,0.6688887965348282,-0.21618895193493762
-2.711772773417178,9.390643139552427,-0.030102622726932454,-0.16262199685546724,0.0014223230455518987,0.2500210345945515,0.6688887965348282,-0.20479663705756698
-2.711772773417178,9.390643139552427,0.032132547791239294,-0.16177091390688406,-0.027735682432653563,0.2327158273424117,0.6225932737434919,-0.20984195584453175
-2.5810270427087967,9.46595144992166,0.03472441577142896,-0.1612344385147221,-0.011687574657767708,0.2327158273424117,0.6225932737434919,-0.19711348992943897
-2.5150732214655918,9.502141967884976,-0.00929763654627136,-0.1579324428901825,-0.01934052471283776,0.24097125563050814,0.6446784971618094,-0.21018401564323957
-2.4479516038490154,9.537689026234428,0.022736790967304382,-0.1578207808523148,-0.02394380207700675,0.24186560875971608,0.6470711033336668,-0.20999866663249334
-2.3815413732083184,9.57156986625982,0.024990913563149177,-0.15747956937839422,-0.009645789451183662,0.24186560875971608,0.6470711033336668,-0.19704789666634973
-2.313262897317459,9.60526531775916,-0.01879173913645564,-0.15421459221783965,-0.017897919983431987,0.22919814583769027,0.61318264364229,-0.21238681242889862
-2.245751998043541,9.63733469772735,-0.016293959109960572,-0.1544984686306311,-0.0017163854710686155,0.22919814583769027,0.61318264364229,-0.19995154312511232
-2.177684311756904,9.668498914611776,0.04417554503857593,-0.15420154925713722,-0.03066642470964387,0.24660921203945163,0.659761364163852,-0.21278218323314674
-2.1085894440329103,9.69889894707037,-0.028173566295561614,-0.15070817075601212,-0.014660239122014085,0.2438383337482498,0.6523486093084322,-0.2168276704110964
-2.040108194349317,9.727735993606355,-0.02599791215516053,-0.1510986801200006,-0.00024296232139808804,0.2438383337482498,0.6523486093084322,-0.2029890615333881
-2.040108194349317,9.727735993606355,0.03548601665033676,-0.15049905144118975,-0.02947597559771703,0.23217814847454532,0.6211548555888257,-0.21571041101841004
-1.9000169997222711,9.783247708866904,0.03796199744579357,-0.14989365767880714,-0.012991389579995072,0.23217814847454532,0.6211548555888257,-0.20053910221767351
-1.829724563688208,9.809363269621384,-0.006013004877984875,-0.14668116883562193,-0.020604978563783793,0.2487894694151377,0.6655940683641781,-0.21620414436436672
-1.7583424360880737,9.83466112006698,0.026084507754703404,-0.14659240428996934,-0.025177385983452205,0.23918944627593486,0.6399117356672729,-0.21689290078565082
-1.687669833674849,9.858449708983736,0.02822037556851073,-0.14619625488736435,-0.01058781865701064,0.23918944627593486,0.6399117356672729,-0.20101504456335983
-1.687669833674849,9.858449708983736,-0.015476974194179656,-0.14282184662317507,-0.0187081825086145,0.23235857495989853,0.6216375391154145,-0.21942746411596256
-1.5440101563013149,9.903438508699304,-0.01307593675951163,-0.14306165272679572,-0.0019112635666460598,0.23235857495989853,0.6216375391154145,-0.20142827281965123
-1.4721067850090521,9.92423167069268,0.047642313362575406,-0.14257748559760205,-0.030477841733727085,0.2530308198328495,0.6769406839850307,-0.2215953299986209
-1.4721067850090521,9.92423167069268,-0.024836926795890047,-0.1389531514721911,-0.014183410508573469,0.23837419954599637,0.6377307578253718,-0.2213616745174776
-1.326857759755366,9.962544566481608,-0.022788355056201862,-0.1393037763685915,0.0005406414313340879,0.23837419954599637,0.6377307578253718,-0.20197894122750373
-1.326857759755366,9.962544566481608,0.03816662993795508,-0.1382700826235124,-0.028403325719468797,0.23374099619291988,0.6253358429131142,-0.22416488586592234
-1.180232266011681,9.9966214149064,0.04054174125172992,-0.13759242205082203,-0.011184221356369206,0.23374099619291988,0.6253358429131142,-0.20206681067206034
-1.106893647238975,10.011951850907968,-0.003405755372333733,-0.13407621668730377,-0.018576680026976267,0.255254336864266,0.6828891179971188,-0.221507353459934
-1.106893647238975,10.011951850907968,0.02857076803435951,-0.1336518250021461,-0.02304287324258711,0.2356130374141996,0.6303439959946302,-0.2211980911563081
-0.9588979311460092,10.039305693754123,0.030568243892502397,-0.13320916476656533,-0.008072992801694462,0.2356130374141996,0.6303439959946302,-0.1988936338294119
-0.9588979311460092,10.039305693754123,-0.01347559343910101,-0.12940408427873387,-0.016063128915215552,0.2343831601688492,0.6270537834468657,-0.2196597495417221
-0.8101145356587497,10.062369377159705,-0.01123527089555911,-0.1296178125662403,0.0012347652677990872,0.2343831601688492,0.6270537834468657,-0.19106399435109878
-0.7358216488053814,10.072285427886202,-0.05530943916848585,-0.12559754547702115,-0.006231133509814218,0.25776894724519595,0.6896162955746817,-0.20846898987554538
-0.7358216488053814,10.072285427886202,-0.02352072735556461,-0.12485980736361454,-0.011051059946625419,0.23399323986824383,0.62601065441059,-0.2055883710409652
-0.5860410177294831,10.089027165555091,-0.021712980834115974,-0.1251868306712453,0.0034079629067522155,0.23399323986824383,0.62601065441059,-0.17488350192807883
-0.5860410177294831,10.089027165555091,0.03847002650664661,-0.12397527954897597,-0.026258683346924494,0.23517097225518713,0.6291613671277164,-0.21137439593520338
-0.43586454353932613,10.101863450480478,0.04047867951362878,-0.12333405605712383,-0.010014987286484034,0.23517097225518713,0.6291613671277164,-0.17970959337725906
-0.360957536177142,10.106708989456449,-0.004017171695340754,-0.12038214829828639,-0.018618318387024074,0.2597502660416522,0.6949169754265673,-0.19364450522465243
-0.360957536177142,10.106708989456449,0.02736750806430272,-0.12039390908755758,-0.024855380237506275,0.23208928476412471,0.6209171241435346,-0.20170891634237065
-0.210059147344449,10.11341186860205,0.02902267417684191,-0.12000565914429881,-0.011085472316489486,0.23208928476412471,0.6209171241435346,-0.17862048516616746
-0.210059147344449,10.11341186860205,-0.0159448271752507,-0.11727123052638644,-0.020598672564590664,0.2361194167105567,0.6316986803918754,-0.2058999184030318
-0.059142094600233015,10.116053862840976,-0.014116122600290947,-0.11750537904945049,-0.005020735760635747,0.2361194167105567,0.6316986803918754,-0.17906038360947718
0.016067561487901904,10.115827092132688,0.04571609664428885,-0.11831856179507243,-0.034546817531160824,0.2613705173942267,0.6992521330869018,-0.22011106447626647
0.016067561487901904,10.115827092132688,-0.027716370800476557,-0.11500725030430703,-0.019869467757522165,0.2305913047535414,0.6169096732814622,-0.21116135819617265
0.16736652455365428,10.111855548821085,-0.026138243163780196,-0.11537615471672705,-0.006169670639107483,0.2305913047535414,0.6169096732814622,-0.18670860453234808
0.16736652455365428,10.111855548821085,0.03322113435093395,-0.11612073097467533,-0.036082132793770746,0.23746840862522234,0.6353075528555665,-0.21724673886684967
0.31834002749073514,10.103675666225657,0.03518930730617494,-0.11553951956351258,-0.019090649811613358,0.23746840862522234,0.6353075528555665,-0.1888150583507876
0.39352098569159977,10.097978761279952,-0.009815078569058753,-0.11330267436473679,-0.027067204341956932,0.2623311666208301,0.7018224539491478,-0.2074430074619001
0.39352098569159977,10.097978761279952,0.021192267307293754,-0.11409648875274332,-0.032614877793436844,0.22970016767412493,0.6145256708035245,-0.20400949179070535
0.5446507967210972,10.083262208843225,0.022827893285793148,-0.11378052657401931,-0.01825978464419807,0.22970016767412493,0.6145256708035245,-0.18152767711926135
0.5446507967210972,10.083262208843225,-0.022933956333098617,-0.11154162054480464,-0.02704098945231377,0.23871387932459776,0.6386394815813415,-0.20003737202158134
0.6951229525532,10.06458733932814,-0.021113579670276883,-0.11190047462078312,-0.010747404410907421,0.23871387932459776,0.6386394815813415,-0.17685902008786564
0.7700237805898158,10.05380523950857,0.03796344686071788,-0.11394186380202577,-0.04000077718093353,0.26126327328076937,0.6989651898671101,-0.19663046906781712
0.7700237805898158,10.05380523950857,-0.0360052886820067,-0.11081133951157797,-0.02538950087687042,0.2289692168705274,0.6125702045040321,-0.19490093484067492
0.920340951842068,10.028965944900351,-0.03452493889761242,-0.11128145564981153,-0.012058786021768658,0.2289692168705274,0.6125702045040321,-0.17576105984878918
0.920340951842068,10.028965944900351,0.023676952050346464,-0.11381300695946724,-0.042456111928428325,0.24099239831781494,0.6447350588514678,-0.19333293721257247
1.0695728496905068,10.000335815046133,-0.051410650017442786,-0.11086685278450636,-0.02687374313640231,0.22320208101979877,0.5971417519389739,-0.19717058332023257
1.1436185655906312,9.984466262311887,-0.020476241431065603,-0.11259973258315253,-0.03569306868417357,0.25909901118013867,0.6931745312153696,-0.1948532304636488
1.1436185655906312,9.984466262311887,0.010004737377470704,-0.1146431691072719,-0.04251892334727242,0.2347512702772112,0.6280385650598853,-0.19137295851271713
1.2904428719917236,9.949850013314373,0.011615379266257332,-0.11449119598227499,-0.02846066227841265,0.2347512702772112,0.6280385650598853,-0.173915680354805
1.3643466598714178,9.931005632490468,-0.033197330882594425,-0.1137647309127846,-0.0373453084898088,0.2520000156849269,0.6741830390618434,-0.19248970921535402
1.4365406170162232,9.91154761867078,-0.03149080487453351,-0.114248877393788,-0.02237695499437739,0.2520000156849269,0.6741830390618434,-0.17751988370816943
1.509867416777527,9.890778133372716,0.028007054189546632,-0.11919507447257852,-0.052522714975705265,0.25813482101355,0.6905950944491934,-0.1914955432197839
1.5841470747943374,9.868659787865816,-0.04651167374678429,-0.1162299281381487,-0.03866045678915761,0.22740089775607764,0.6083745799010317,-0.19938988993456253
1.6572525430647334,9.845677183845565,-0.017886380178566454,-0.11906273996219978,-0.04644996628411363,0.21822313431989382,0.5838218917914554,-0.19885302385174747
1.6572525430647334,9.845677183845565,0.011430651404310148,-0.12222337602154253,-0.05568634027857494,0.24275922039973707,0.6494617258465575,-0.1980415479725779
1.801714596691728,9.7968470541197,0.013363917201894185,-0.12202712466763752,-0.03985648182230345,0.24275922039973707,0.6494617258465575,-0.18124366997102662
1.873227672748739,9.77111725535069,-0.03291507866281459,-0.12228199309215601,-0.04767730394325276,0.2548307585428824,0.6817559457937578,-0.20019267111920822
1.873227672748739,9.77111725535069,-0.0025078660052482507,-0.12576879093965626,-0.05352035582771053,0.2365493012539579,0.6328487232308144,-0.19924110936207545
2.01590095329719,9.716287981919953,-0.0008263041088883427,-0.1257910783316642,-0.040151475838067774,0.2365493012539579,0.6328487232308144,-0.18539079350027488
2.01590095329719,9.716287981919953,-0.047567651132006714,-0.1262901903454896,-0.04919339478063639,0.25095505859419287,0.6713875316688849,-0.2081692026522138
2.1570988115226264,9.65748459469038,-0.018302412341119248,-0.1300166549318177,-0.05425089860379956,0.22352285845702358,0.5979999074605811,-0.20825078815217843
2.2273143171549963,9.62630259811722,0.012176045597398648,-0.13396347193897404,-0.06272789197203299,0.24065181559323967,0.6438239195014348,-0.205972484964014
2.2273143171549963,9.62630259811722,0.04184837904278861,-0.13801335074919502,-0.06852834513051742,0.23816768419566003,0.6371782804138643,-0.20358076423895835
2.365192845806465,9.561454794629228,0.04394806571471535,-0.1373591618111595,-0.053278849365143044,0.23816768419566003,0.6371782804138643,-0.18955844921316167
2.365192845806465,9.561454794629228,-0.0020746875729228814,-0.1383908095019927,-0.06107905265617336,0.2565583825933949,0.6863777487828827,-0.20567632661114565
2.50115273968987,9.492899132363037,0.00012914003940666524,-0.13840629973376317,-0.04515561290575959,0.2565583825933949,0.6863777487828827,-0.1947868600292693
2.569184256011248,9.456743187981845,-0.04580854409679415,-0.13939514078748197,-0.05348764886673413,0.23729347131630496,0.6348395541743594,-0.2180653427017721
2.569184256011248,9.456743187981845,-0.01620355960217175,-0.14346191997689456,-0.059283773401899165,0.23616049099250502,0.6318085638118406,-0.2179970913281297
2.7039377378114984,9.380900339433213,-0.014148393307341148,-0.14367915921962662,-0.04496933808687453,0.23616049099250502,0.6318085638118406,-0.20526582757224812
2.7039377378114984,9.380900339433213,-0.062227302604467266,-0.14426598129714246,-0.052358142405664165,0.24423164933668517,0.6534008215427771,-0.23087191891463119
2.83553888100769,9.301341777871665,-0.0597174628053734,-0.14532286532113328,-0.03502476103557861,0.24423164933668517,0.6534008215427771,-0.22565828106477445
2.900408082820438,9.259826769275573,-0.0023901673388633943,-0.1521045146952383,-0.063184628744555,0.2263054328099564,0.605443952047731,-0.22078715680908462
