-0.16130056916731367,-0.001073753934890628,0.9986409031603017,0.06558775463390602,0.16277861180757175,0.8581633202172168,0.83231604,0.042025927
-0.19034099143987931,-0.0011854138309386683,1.0209104277936891,0.07600739277133894,0.17325802038897276,0.7331624555420765,0.8802301,0.04769738
-0.22304814891032945,-0.001312630517597391,0.9724319840311499,0.06399188018235247,0.15836313320294151,0.6888102720437959,0.8978949,0.048026465
-0.25847392632102045,-0.0016840117294408216,0.9629165577187436,0.052738721301315364,0.14258980124995957,0.6488924223033347,0.9325564,0.058824334
-0.2939343418939921,-0.0020753870972019303,0.9629176145133459,0.05271942254368569,0.1425697592775953,0.6488924223033347,0.9325868,0.058821753
-0.3273991469603441,-0.0024236964654175868,0.9983488653491813,0.053689089591528925,0.14310644491809615,0.6430098878568806,0.9444089,0.0695162
-0.3790168112132693,-0.002911712506560696,1.0317874149966448,0.054581570489914674,0.14357758084439737,0.6882701404189483,0.9304713,0.060048476
-0.3929332017459598,-0.003030546130795379,1.0055646910113423,0.04506029508646084,0.12837057067424454,0.8025261702692991,0.89282715,0.029967293
-0.39571927013079056,-0.003056971000643191,1.019476961113759,0.04530121840219948,0.12845337807149976,0.9174816584008018,0.8215399,0.035853148
-0.3851552898891808,-0.003042107945898849,1.022277145938007,0.045014057577718,0.1281390210217404,0.9563204009595949,0.79709977,0.0379245
-0.3609562620006582,-0.0029832112575657846,1.0117485979817777,0.044170339237313616,0.12734562217892437,0.8296123073024289,0.87756246,0.030850798
-0.3260339360896875,-0.0028849009531030146,0.987596541711583,0.043008344988750856,0.12626985694902107,0.7130873632308845,0.9304484,0.039964374
-0.2815099935482259,-0.002719145023468909,1.0305315713544057,0.052932833177214714,0.14153296492511974,0.5933724716559647,0.96438754,0.08909016
-0.22772636731365284,-0.0021990197882290354,0.9860559255436276,0.051849939644981524,0.1406101183835734,0.5006114696186901,0.9535666,0.09374653
-0.1655958226313682,-0.0010622306499458388,1.010046015376967,0.06137924251214017,0.15472504030632075,0.43580626315410786,0.9138506,0.10142062
-0.09650902283611681,0.0006478643594334708,1.0256209053294394,0.07017219443201014,0.16757672095381182,0.32776570904095237,0.8514158,0.107518926
-0.0216650080912561,0.003060934274237331,0.9568473267327837,0.06420218130641983,0.16274762354852795,0.2806898323049646,0.8411978,0.1005222
0.0571967858892545,0.006199966590004731,0.959797992407322,0.07041321313369253,0.17276419236754736,0.2420800696114449,0.82318777,0.11338998
0.13916812435694545,0.010105434164176738,0.9586843330700892,0.0762740873690462,0.18184711383918487,0.17747650967009032,0.8181665,0.14611474
0.22382178334357203,0.01511204927420643,0.9544007844699188,0.08204486012309246,0.19025295238869575,0.16888921890453734,0.82400024,0.15846157
0.3105756577264065,0.021512598751291783,0.947348488334007,0.0876489517371531,0.19818964680896511,0.15483224103007887,0.83084995,0.17264643
0.3992510372565321,0.029348569899120623,1.0149739330294365,0.10829100891171764,0.22019133503027757,0.1047579622562319,0.843384,0.19987527
0.4898940627061075,0.03887885044442213,1.0039331491136831,0.1103111845667039,0.22387785741608943,0.09665899249641463,0.8456806,0.20816311
0.582271017250826,0.05039574678247464,0.9909075502834204,0.1108421473269554,0.22612754632193952,0.096444647547276,0.84625953,0.21271375
0.6760805832162662,0.06389354937986791,0.9761030964226666,0.10951880423529656,0.22674051269254306,0.05445789057686268,0.8457454,0.22225514
0.7712313307739045,0.07952450495080346,0.9598449856172909,0.1058595998899458,0.22507450666798254,0.02853036468138559,0.8424551,0.22420111
0.8675313565443836,0.09738988948375477,0.942022996729435,0.10103906379761673,0.22233773833801948,0.038551556098396,0.83996063,0.2202613
0.9645979546402756,0.11745193971096916,0.9992780584526503,0.11281836809916208,0.23435018069807076,0.026503899190855718,0.8488379,0.23197758
1.0622212518689897,0.13977889109938788,0.9789359886988072,0.10578444961625603,0.22979687186150213,-0.00929160741062307,0.84391546,0.23212439
1.160404614802658,0.16455725686021128,0.9575425394832263,0.09839796404667073,0.22493153272114944,-0.01721546649096717,0.83977467,0.22828111
1.2589461171286793,0.19170768835261975,1.0115233983503362,0.10820911329172173,0.23538966246941287,-0.003636169808661993,0.84873563,0.23495007
1.3575329631319288,0.22122447310849136,0.988149656464916,0.09895735500069121,0.22922491233643436,-0.016455203160114618,0.84379226,0.23027289
1.4560881429932508,0.2531786189698207,0.9639951359629003,0.08962285352925212,0.22298206119109307,-0.046628084460168084,0.8391156,0.22339272
1.554590498843828,0.28748160160830366,1.015634205237732,0.09758117633360036,0.2322974234430205,-0.049593713798713246,0.8458712,0.23538145
1.6528596930913622,0.32418789034763607,0.9900524876991219,0.08720108141522252,0.22544565754305967,-0.032818025694475894,0.8415017,0.22602695
1.7506903874136273,0.3633098595137497,0.9637330264357523,0.07721651363290086,0.21895372821496606,-0.040205717943569086,0.83705556,0.21692792
1.8479984877066824,0.4046428436966207,1.0134899542632134,0.08433585278269726,0.2281198642355282,-0.0673008470208134,0.8554829,0.2293585
1.9447619054414655,0.44824493223036493,0.9862776574607858,0.07345352020966908,0.22104391016959624,-0.07242770756295869,0.8534477,0.21568435
2.0419760378392775,0.49474301110417024,0.9584838950680172,0.06337448501331136,0.21461973868362916,-0.05446204257780707,0.8354125,0.20511204
2.136719531227526,0.5424087624227467,1.0056462779353552,0.07038147896666605,0.22416521521657629,-0.052205405318003884,0.8427478,0.22073618
2.231481619834344,0.5926055900664593,0.9776875888598247,0.06202810730253444,0.21956156410597738,-0.07827512481040833,0.8551928,0.20520267
2.3253446573007235,0.6450123216807969,0.9486258992984147,0.05087743470302858,0.21191168227744162,-0.09038515875301023,0.85764253,0.19006181
2.4186253978084076,0.6994127700503011,0.9958037351042248,0.05881243086255234,0.22231081034011568,-0.07456409659379637,0.8556648,0.20781094
2.4186253978084076,0.6994127700503011,0.9657838298898049,0.0492304417836167,0.2161381529204781,-0.06463263870211367,0.84280646,0.19586554
2.6026208238024826,0.8143366431509137,1.010779344856863,0.05849345113441508,0.22719175539375913,-0.07701794009903407,0.8599969,0.21014613
2.6026208238024826,0.8143366431509137,0.9809410737444552,0.05319070087428904,0.22516730472302804,-0.10248783857900423,0.8718635,0.19553402
2.6930014732496734,0.8747276460903443,0.9818933487926615,0.03098535807692966,0.20254247674654058,-0.10248783857900423,0.87079555,0.18686768
2.7824287560361216,0.9372409830965261,0.9951212121686447,0.05515322274606843,0.23140041147750712,-0.08032102957019349,0.859184,0.20195433
2.8710941090255226,1.00170843681348,0.9960702257348197,0.03394422324719466,0.21009839392365803,-0.08032102957019349,0.85816807,0.19360474
2.9595782049483352,1.0687974450929056,0.9639380503929136,0.027852131151286142,0.2061443407479564,-0.08555483829343813,0.85561055,0.18090865
3.045040368482568,1.1363882831713263,1.0071431962955562,0.038556268929588376,0.21805863527376368,-0.10325021646925303,0.8762313,0.1947588
3.130205747319116,1.2063802178880747,0.9756624316164954,0.0320882652338691,0.21345076851609324,-0.11811085162739032,0.8804225,0.18094394
3.214211898032451,1.2781099844682953,1.0195266894062567,0.04356420646699162,0.22516201244380063,-0.1010163617009272,0.87718695,0.19997427
3.2970419180729302,1.3517504575003376,0.9864771817310459,0.03877277412092077,0.22171102552997612,-0.08916850022581779,0.8627466,0.1899367
3.379507828064608,1.427943086475247,0.9530503666433905,0.03374324043693149,0.21772777425005263,-0.10490510567327194,0.86727965,0.17627302
3.4588985033449435,1.504381553480993,0.960936669548699,0.06131925592104297,0.24583422688253265,-0.12640546074907655,0.8850953,0.1868346
3.537780338856014,1.5831608257557606,0.9619772524536464,0.041941623618898326,0.22568046317547164,-0.12640546074907655,0.88420534,0.17944118
3.615358446258024,1.663570756503825,0.9688871357912865,0.07100282874064678,0.25335726900096867,-0.10214885383176786,0.8703436,0.19666356
3.691573953784304,1.7457219120407497,0.9700573500931928,0.05265378544026371,0.23443099678846546,-0.10214885383176786,0.86953276,0.1896716
3.7670623067240263,1.83035157280183,1.0117471734791883,0.0680746937880678,0.24666185931990503,-0.12195859240402318,0.89164865,0.20594025
3.839352555969571,1.914839396995473,0.9758438849014078,0.06512985267746248,0.2433339182272889,-0.13626493704415,0.8948775,0.19300216
3.910712683562946,2.0017982285198674,1.0183985228031602,0.08056453614384727,0.25455381378589337,-0.13271169329918253,0.90102446,0.21276194
3.980437470527639,2.0905601492932795,0.9835959599087876,0.07670888031733088,0.2500251267779483,-0.11584313463580265,0.88287216,0.2037977
4.048482672303656,2.1810643695168235,0.9485169619317682,0.07190862194021172,0.2442595735227664,-0.11468013734900917,0.8754675,0.19245583
4.11526437032481,2.2742565843577616,0.9891840572350813,0.08743310451445355,0.2550414913621426,-0.1353974905400157,0.8980467,0.20878538
4.178937444363689,2.366924035276348,0.9525272738128377,0.08195188600025279,0.2485580591926,-0.149299615726471,0.900724,0.19482216
4.241338687064862,2.461948365417815,0.9940772517388666,0.09765034139817631,0.2589067190108991,-0.14486323568533854,0.90610576,0.21482769
4.301806824183242,2.5585907364788767,0.958397544592748,0.09407831935542603,0.2539029017636336,-0.12748279191678713,0.8874648,0.20600405
4.360330940450129,2.656784209977068,0.9985384365889242,0.10935487598626924,0.2632999079987355,-0.1255392892350531,0.8942952,0.22527069
4.417240844448084,2.7574850582964947,0.9624286872191344,0.1055428353151234,0.25791098852079486,-0.1446605524175344,0.90077555,0.2116327
4.522336848269047,2.9600125900754586,1.0010591735715846,0.12063848373530121,0.2668233544524794,-0.15791443507034209,0.91782236,0.22855598
4.522336848269047,2.9600125900754586,0.9662211922852414,0.11496713654395167,0.25965620630840647,-0.1574316969828522,0.91088754,0.2169835
4.57175849722554,3.0639173442260734,1.0060866589558484,0.12857232537704125,0.26713736775715446,-0.1408277377369025,0.9074512,0.23742032
4.618727100369895,3.1693423132004734,0.969838093696758,0.12236900782211609,0.2595318617884299,-0.1354365684633092,0.89684045,0.22583532
4.663691037316283,3.277141688662393,0.933344732803319,0.11548727940297347,0.25111068740855425,-0.15161216254115972,0.90104467,0.21120375
4.705104120582517,3.383956846431898,0.971495604327908,0.12874138248966982,0.25884165705427753,-0.16578802518746727,0.9185316,0.22694746
4.744459665381304,3.492878141310702,0.9361220839286634,0.12085974397645204,0.24961079276809572,-0.17243536829499084,0.9162993,0.21337986
4.781664021245737,3.603977290696412,0.9755193209876786,0.1333021290303035,0.25677051222323644,-0.1563693992194808,0.91307616,0.23291668
4.815630724729732,3.714022615370024,0.9740903471084092,0.1625775210954141,0.28017865682463206,-0.15379512215683366,0.9127395,0.24635532
4.847650066344115,3.827264321067745,0.9776772098621999,0.13939414625935773,0.25642348728182784,-0.15379512215683366,0.9120946,0.23806739
4.875951242762459,3.939171894939559,0.9756047696585706,0.16830745535052744,0.2801284746789112,-0.18340811089581854,0.9338457,0.24691316
4.901566772850963,4.053052711659484,0.9796601428051321,0.1428218145317813,0.2540612164660718,-0.18340811089581854,0.93315655,0.23782086
4.943967513581639,4.283420415738792,0.9427652248543728,0.13263482916532662,0.24334565450660994,-0.1740715984799397,0.91947204,0.22469762
4.943967513581639,4.283420415738792,0.980719345958542,0.14125295621360784,0.24827359021744777,-0.16504002348681746,0.92061627,0.24094996
4.974738154094901,4.516707635941752,0.9444430134758696,0.1307392990134118,0.23765107122379003,-0.15869260901660986,0.90908545,0.22737342
4.985607041071981,4.633958269278125,0.9414028662496801,0.15352278602095945,0.25912380394772017,-0.19038880566005245,0.9317177,0.23213434
4.985607041071981,4.633958269278125,0.945035519594401,0.12929218505265813,0.23343595882728074,-0.19038880566005245,0.9310313,0.22367185
4.993635722667362,4.752662140152299,0.9834904865533923,0.137266574733115,0.23912661499313304,-0.19272807806968917,0.94006944,0.23797777
4.998623817952418,4.869432469735826,0.9443337490270356,0.12702194709405865,0.2293914689606118,-0.18446032569681692,0.9267004,0.22378328
5.000700955340317,4.988912699390165,0.9836358759004891,0.13536095079126823,0.2358756104849158,-0.16732291148249323,0.9224556,0.24083197
4.999764009824021,5.106280225755109,0.9438992659040085,0.1253584742303331,0.22664717958152503,-0.16828966865897366,0.9153708,0.22533
4.995784062972347,5.22479857529182,0.9828760814248724,0.13233325433087048,0.23226631226029837,-0.18807931375912368,0.9364905,0.23690751
4.98858000556156,5.344366221178384,0.9440429482490115,0.12203420326340376,0.2230031950077842,-0.20125163021167114,0.9379797,0.2199162
4.978527757190545,5.461404912048807,0.9807541481294518,0.12740367688478563,0.22778266450963458,-0.20179826602797446,0.94530135,0.23244414
4.949144032299742,5.697700338796473,0.9430392303392664,0.11637771522750882,0.2180936479626603,-0.1840691841245703,0.92560625,0.21931204
4.92991455133323,5.8155537730887,0.9379081464408109,0.13431575849649963,0.2391651748564847,-0.18141556913319112,0.9238195,0.22467694
4.92991455133323,5.8155537730887,0.9750132355266137,0.13844063700159503,0.24282961500455946,-0.19842442436090235,0.94251144,0.23468226
4.882712147713882,6.049631805072266,0.9782255269975672,0.11354046748104998,0.21733470752618556,-0.19842442436090235,0.9417028,0.22559658
4.882712147713882,6.049631805072266,0.9718530062987363,0.13490518909957191,0.2420859504026538,-0.20695999903297424,0.94760907,0.23052141
4.823348912800684,6.2816158665993935,0.9752282149401271,0.10783137151393445,0.21427809869243575,-0.20695999903297424,0.94670945,0.22063339
4.789175608205986,6.3967399588148846,0.9683492813448751,0.12727968060401984,0.23806279567077082,-0.18410465556129263,0.93072635,0.22836614
4.789175608205986,6.3967399588148846,1.0046372067773643,0.13014959332481227,0.24151910326402426,-0.1893655576137414,0.94107556,0.23884118
4.712014867591585,6.624373730047944,1.007637640709322,0.1044089024450975,0.21593682551769522,-0.1893655576137414,0.9401739,0.22915044
4.712014867591585,6.624373730047944,0.9996062914503504,0.124233943907134,0.24036120694346685,-0.21716809823441507,0.9589891,0.2302103
4.622903682360364,6.847863628244572,1.0027208602584057,0.09590457303218988,0.21206664895695182,-0.21716809823441507,0.9579644,0.21953031
4.573979700307133,6.9582273293010415,0.9945998313187697,0.11334623869918284,0.23527074596432795,-0.203771530678726,0.94816273,0.22451231
4.521716564174827,7.06865653787197,0.9535520155092192,0.09651546353072447,0.22247938527808753,-0.19434750185876304,0.9332486,0.20630002
4.467868066976456,7.175712911677017,0.9557084389728784,0.07209757733980127,0.19690240862778818,-0.19434750185876304,0.9322818,0.19726852
4.467868066976456,7.175712911677017,0.9462240292423443,0.08919621427200819,0.2214050282835327,-0.20923812279860043,0.9417352,0.19769412
4.352174684815134,7.387997741971784,0.9482729054132999,0.06383083122671572,0.1946286666674255,-0.20923812279860043,0.94069844,0.18831453
4.290870176306934,7.492197191589663,1.0152507811145,0.10110829926973469,0.23661774838580785,-0.22426906876924768,0.9652309,0.21901992
4.290870176306934,7.492197191589663,0.9732655512948656,0.08876917908155825,0.2277274435623,-0.21175247343140602,0.94826895,0.20292798
4.160786439251801,7.696515099096372,0.9749883949560231,0.06725645094108215,0.20564423011013133,-0.21175247343140602,0.94738066,0.19479978
4.091488773336088,7.797585471852022,0.9644858386408678,0.08949463162822906,0.2328638597642101,-0.19673452562072402,0.9363053,0.20148763
4.02135436368783,7.895105461458632,0.9665053053955016,0.0641070719296929,0.2065705262688633,-0.19673452562072402,0.9352568,0.19195434
3.948402508218758,7.99189931758711,0.9554977918789307,0.08645843205757135,0.2332659677420792,-0.22216987502985108,0.9520431,0.19358191
3.948402508218758,7.99189931758711,0.9893445731785789,0.09337536078685375,0.2401495212981697,-0.22845014965651367,0.9628881,0.20506182
3.796197377674055,8.180627855922301,0.9911986853219324,0.07104089453302405,0.2175965985312125,-0.22845014965651367,0.96197397,0.19654045
3.796197377674055,8.180627855922301,0.9799102833113542,0.09618559654381012,0.24482194370949006,-0.20713328868741132,0.946598,0.20577648
3.634932630104043,8.362821772588411,0.9819618781856103,0.07229593427030147,0.22046920343233545,-0.20713328868741132,0.9456349,0.19674274
3.551162249253246,8.451133372659768,0.9697823144052762,0.09710922179140472,0.24691102662555142,-0.2065159075512677,0.9443805,0.20308825
3.551162249253246,8.451133372659768,1.002921973759108,0.10524233829923273,0.25343759620969575,-0.22117260639486713,0.96096706,0.21422744
3.3777098359154,8.621768999693826,1.0050827138399518,0.08208028727820176,0.2303689012149568,-0.22117260639486713,0.96005887,0.20537028
3.286902773599726,8.704822434708475,0.992557156962758,0.10872970386453241,0.256955465427549,-0.23092479009168643,0.9660239,0.2115072
3.195860756763546,8.784243295992985,0.9483632970510935,0.09688156762942775,0.24700433081807383,-0.2246504407312735,0.9530173,0.19462499
3.101950798714412,8.862466364734958,0.9820687742284497,0.10867757723043979,0.25670378150766027,-0.20826398626607956,0.9484755,0.21148917
3.005336714401975,8.93931136497897,0.9387545773347652,0.09686177648800674,0.24634680372099416,-0.20677365192018393,0.9389381,0.19437656
2.908966363674891,9.012337539863474,1.01721853902125,0.09285678810489936,0.23867445005921173,-0.20677365192018393,0.95293677,0.21564507
2.908966363674891,9.012337539863474,1.0034059430420255,0.12134360614692405,0.2653674308188574,-0.23108550206467604,0.96884567,0.2207897
2.7092916313821496,9.152609206645536,1.0061647464468695,0.09581367487109085,0.23996045402899036,-0.23108550206467604,0.96791244,0.21112692
2.60666855854222,9.219107239070974,0.9927068000059877,0.12412059880084286,0.26644738982317184,-0.2293512850782764,0.9658861,0.21961215
2.60666855854222,9.219107239070974,0.9496928352889508,0.11120229369997807,0.2549158186057858,-0.21738447991921195,0.94910616,0.2034843
2.396300454805245,9.344844822501088,0.9809049114618548,0.12076589429742395,0.2614941488637932,-0.21225067317980728,0.95176953,0.21755385
2.396300454805245,9.344844822501088,0.938206084348973,0.11312071279543232,0.25512178605082614,-0.21347448439010464,0.94445366,0.20201758
2.180302501676557,9.460315803404832,0.9696461801478354,0.12121962442315436,0.2599613803971801,-0.2209538939488811,0.95579046,0.21402633
2.070439657632894,9.51410799481621,1.0029257459616434,0.13496805843187035,0.2701600849246377,-0.23778628347280284,0.9742393,0.2277407
1.9580299196941104,9.565550708466272,0.9600107911770562,0.12286959570469698,0.2591895539922935,-0.23843091391815285,0.9662363,0.21044266
1.8464163551346504,9.613275562058853,0.9626486696142549,0.10012589882212385,0.23553207685960187,-0.23843091391815285,0.96544784,0.20216131
1.8464163551346504,9.613275562058853,0.9488473610221978,0.125684236942702,0.25998324094067415,-0.21634746909576985,0.94914347,0.21182272
1.6173682392138948,9.701999560184017,0.9519630619998587,0.09936886092992848,0.2322964241526777,-0.21634746909576985,0.948246,0.20234343
1.5014101708275376,9.7421840760924,0.9375171049254587,0.12626067317621947,0.2578900865126488,-0.2199552106090008,0.949646,0.20915696
1.5014101708275376,9.7421840760924,0.9701164849892912,0.13563206988334287,0.26346992691933613,-0.23325060826876398,0.96528614,0.22141296
1.2670860766595697,9.814109759347836,0.9254985926858617,0.12671996791727885,0.2551969233290041,-0.23909089931499472,0.9607472,0.20440963
1.1473729948453453,9.845989544292564,0.9590000262945783,0.1405944013684019,0.26535788383257897,-0.23799454281267152,0.9668618,0.2205585
1.029221839219323,9.874483844233822,0.9624005893749916,0.11503452394742096,0.2387539890926451,-0.23799454281267152,0.9660548,0.21137798
0.9090631329239696,9.900252529298516,0.948312274660129,0.14179604731799939,0.2633471088325652,-0.21418849621840685,0.94858694,0.22195491
0.9090631329239696,9.900252529298516,0.9810178966609722,0.1509436145541664,0.2684152387240175,-0.21425471115782857,0.95509946,0.2359072
0.667011760764909,9.94264735125975,0.984486495319826,0.12635833520856796,0.24339977972515614,-0.21425471115782857,0.95435315,0.22697693
0.667011760764909,9.94264735125975,0.9700112642301467,0.15370155354440615,0.2683487329736032,-0.23836211560197018,0.969943,0.23165876
0.4233464962173237,9.972052933924507,0.9262442737459334,0.14010614869015448,0.25589380359192626,-0.24290309689990952,0.964393,0.2130149
0.30086758210623016,9.982038884851823,0.9602744530021022,0.1506556401105908,0.2632624512695063,-0.23629479129776843,0.96660465,0.22851306
0.30086758210623016,9.982038884851823,0.9936372386183874,0.1564618905233916,0.2658137412248176,-0.2234892547882774,0.96415013,0.24269968
0.05504590584756003,9.992592304247887,0.9973876106404138,0.13043480860695966,0.23967082336640777,-0.2234892547882774,0.96337086,0.23317578
0.05504590584756003,9.992592304247887,0.9829636941460411,0.15600769433170728,0.2642616440488572,-0.21751955084016283,0.95808285,0.24058908
-0.19104668679127987,9.989539651389988,0.9391269360509945,0.14067630893571337,0.25099427027331034,-0.2252319854458691,0.95460415,0.22056633
-0.3138666706929673,9.9830913283658,0.9731471022313055,0.14905407475065283,0.2575379546978729,-0.24271803150576265,0.9733202,0.23175317
-0.3138666706929673,9.9830913283658,0.9306582766599071,0.13284753096744764,0.24344891301097116,-0.24570651037047453,0.9667728,0.2123357
-0.43771095655944336,9.973437617939332,1.0104817956627095,0.1251054810099193,0.23211918349757,-0.24570651037047453,0.98080695,0.2324399
-0.681205758573844,9.945063916186026,0.995217110066689,0.14767496888633844,0.2558282791880395,-0.22847528748563417,0.9673992,0.23925191
-0.8031265554359531,9.925808048086807,0.953121221392143,0.1348649566108679,0.24556925052212364,-0.21737152492451917,0.95137566,0.22300047
-0.9244819698529666,9.903292082960828,0.9859656634821977,0.13943173216699598,0.24945704259382584,-0.22314543634535888,0.9615646,0.23348185
-0.9244819698529666,9.903292082960828,0.9425200813528306,0.12527618167253649,0.23826081264619736,-0.23620921381641402,0.9619095,0.2131258
-1.1661841216089102,9.848725685566915,0.9455662190527941,0.09971334330971099,0.2111844267876548,-0.23620921381641402,0.96104294,0.20397201
-1.2841737534045508,9.81759817913854,0.9769939614380784,0.10646524930953816,0.21885376376000165,-0.24295835733227733,0.9717557,0.2143929
-1.4026294798120553,9.783296049379176,0.9643963939491775,0.12389734326859632,0.23980572661158828,-0.23627941097551952,0.9658065,0.21787369
-1.5202793264454832,9.745974267747334,0.9970852034212285,0.12908780465507774,0.2447384192781099,-0.2236769211571228,0.96330565,0.23078579
-1.6380882317140602,9.705197483506481,0.9530610087582562,0.11791794150771903,0.23650298862277497,-0.21793915967461808,0.9507277,0.21387887
-1.6380882317140602,9.705197483506481,0.9556851234329179,0.09431793145383996,0.2117759626737996,-0.21793915967461808,0.94989103,0.20530236
-1.8667718298139628,9.616349444944676,0.9867556212060158,0.10183338187670486,0.22022702231355762,-0.22052605365454658,0.957707,0.21645826
-1.979816964697383,9.56769932153418,0.9738701727350325,0.1196008198727561,0.24143912184368244,-0.24666912159836407,0.9743947,0.2158472
-2.091608942513581,9.516205579691277,1.0066490034502482,0.12465740928485373,0.24628996089288835,-0.24419071537433767,0.97889465,0.2274301
-2.091608942513581,9.516205579691277,0.9628562489476118,0.1131773385555656,0.2378759284065488,-0.2323822500611732,0.96214706,0.21119687
-2.203303997783212,9.46121729972094,0.9653747992889543,0.08917826527690287,0.2129848924403781,-0.2323822500611732,0.96126646,0.20236489
-2.419551431093596,9.344710145454034,0.9964514780551275,0.09672141081928139,0.22147080759793436,-0.22628207754636165,0.96308494,0.21463507
-2.5260526427710186,9.282396388170813,0.9830213051958007,0.11506436287915538,0.2430378202698349,-0.22724907748404433,0.9623201,0.21736333
-2.6308828976065968,9.21741736140368,0.9389731272182061,0.10185794883197966,0.2324851308348812,-0.24068212093379282,0.9628675,0.19726133
-2.7351695173716424,9.149290092656262,0.9710198845919952,0.10950898099932431,0.2402352817931077,-0.24925032529976554,0.9750071,0.2082113
-2.8368784384435393,9.079451671027416,1.0018609117126085,0.11642390132856215,0.24689128593722387,-0.2490595465693619,0.9808414,0.21973398
-2.935944799679759,9.007709247590777,1.0042102824415848,0.0940293563562691,0.2245654434357025,-0.2490595465693619,0.9800105,0.21124873
-3.0343276834716755,8.932638200770263,0.9902271781772298,0.11580157329306773,0.24844253320392706,-0.22340756284317465,0.960964,0.21890253
-3.13094105051333,8.85510486347253,0.9457751781647249,0.10230413814106382,0.23764143609759758,-0.22250037602793338,0.95151705,0.20037892
-3.226469849523391,8.774474828398299,0.977260264258085,0.10912881658980277,0.244036963471145,-0.23264794451924664,0.964605,0.21077764
-3.226469849523391,8.774474828398299,1.007489311011414,0.11660835255197713,0.25090836469312316,-0.239831595315807,0.9754572,0.22151715
-3.4086054069844636,8.609210592368303,1.0098747496996954,0.09372944898012311,0.2282273591044386,-0.239831595315807,0.97460437,0.21280983
-3.4086054069844636,8.609210592368303,0.9954686532073735,0.11570701046719682,0.2517748496866843,-0.24790002440637693,0.9787883,0.21629131
-3.4969870798181604,8.522661110842211,0.9982154719813315,0.08894843049118756,0.22493311178448794,-0.24790002440637693,0.9777862,0.20618033
-3.583329404301664,8.433880705656602,0.9531190156772942,0.0801916207406995,0.2178272077577219,-0.2357194719287119,0.9607126,0.19112203
-3.6684094626596,8.342010542653902,0.9846501135395642,0.08687187435672766,0.22452015203859377,-0.22567544139773132,0.9598505,0.20391965
-3.829895269181885,8.15551262019115,1.0147622295001293,0.09359659164438916,0.2310035606411902,-0.224092372500881,0.96458054,0.21533334
-3.829895269181885,8.15551262019115,0.9693473762244579,0.08485662829559783,0.22360523117274012,-0.22925340501193903,0.959431,0.19807419
-3.907480894005104,8.05908614779933,1.0017760787463657,0.09444552444244056,0.23229517778660735,-0.2468188364183841,0.9779723,0.20904732
-3.982679934433955,7.960873465955948,0.9566765508219367,0.0855265275996067,0.2245199113141516,-0.2535947886098249,0.9752858,0.19369698
-4.056325947644726,7.859966629505126,0.9882287127573185,0.09361423741641593,0.23156587814272234,-0.2479729134023816,0.9762726,0.20475182
-4.194691096373942,7.655942081271811,0.9419628913106914,0.08505467204350327,0.22381228239490913,-0.24056789883872143,0.9623056,0.18906903
-4.194691096373942,7.655942081271811,0.9733131198644065,0.09459255033730571,0.23185816142259452,-0.22871208055113978,0.9603346,0.203617
-4.260708714417986,7.550968787924856,1.0056563604189979,0.10508293102610781,0.24031585862964322,-0.22443484579899953,0.96383625,0.21801373
-4.324351741387176,7.444648839681783,0.9603858936216711,0.09722092356002633,0.23291052222614228,-0.2352180755944664,0.9626541,0.20067757
-4.385818533949495,7.335774696634737,0.9914702938459664,0.10910177644944188,0.24218301997487157,-0.24726456630944837,0.9772864,0.21337166
-4.444061391677615,7.226630529658224,0.9453427573756641,0.10053861622746824,0.23384619360461945,-0.2520450797364093,0.97179306,0.19637746
-4.499113187890966,7.117200172518939,0.9769170289270422,0.1104380499801408,0.24098118075938713,-0.25170637641006377,0.97782356,0.20997396
-4.552157999562913,7.005244285958535,1.0096315788440537,0.12112453499622511,0.2485315198752409,-0.235292462249731,0.97303194,0.22639388
-4.602672074055175,6.892024343393289,0.9648059830387845,0.11277714071389687,0.2402593719811419,-0.2253835912093929,0.95761514,0.21171504
-4.650659323090818,6.776322838782274,0.9960200978803365,0.12461636599040783,0.248641450534969,-0.22489944909322745,0.9636226,0.22624916
-4.695265801030858,6.660649417732774,0.9500281928467872,0.11535512817890858,0.23938454384163133,-0.2305469254807917,0.95868886,0.20891598
-4.7364259931169,6.545192472007865,0.9816397079222495,0.12467238726508865,0.24544236940854458,-0.24297517307342575,0.9735431,0.2208404
-4.775035161470416,6.427635368705125,0.9384215635897786,0.11531542941090771,0.23595718044030956,-0.25412306685751807,0.9729059,0.20358005
-4.810787580825184,6.309220062178273,0.9704081253878627,0.12431484057892968,0.24194171886965132,-0.24763930231743592,0.9747455,0.21781543
-4.843930771344931,6.188675574969485,1.0023030519244822,0.1345768470720994,0.24892308514557282,-0.23415433441137212,0.97180635,0.23350051
-4.873826784045052,6.068454592591583,0.956828678089008,0.12496768360438779,0.23937181070537128,-0.2278689885330667,0.95870453,0.21767119
-4.900182796707211,5.9486282179854735,0.9886271227982492,0.13534576049020547,0.246510454189244,-0.22268128861117997,0.96148485,0.2323117
-4.923606564340874,5.826974699758251,0.945629502609697,0.12507523266268233,0.23634022469190352,-0.23518553567969636,0.9617707,0.2145068
-4.943940775299459,5.70488851514671,0.9778341743005803,0.13273091359590036,0.24131629518965836,-0.2478124460643909,0.97677034,0.22573805
-4.961201025642008,5.581162593650758,0.9337296943285832,0.12284624026117116,0.23159463170884442,-0.25350934282052573,0.97217566,0.20862883
-4.975168341636538,5.458257192156841,0.9650295016253057,0.12994447967872974,0.2364067551656479,-0.2510490291132008,0.976556,0.22119018
-4.986050412093981,5.336142364827432,0.9974046973712354,0.13826836316400756,0.24237934138518713,-0.24009495202745113,0.97533375,0.23564732
-4.994046311273201,5.212476459839981,0.9545572349093283,0.12833482979629499,0.2328518355345417,-0.2245289528452974,0.95627517,0.22150391
-4.998706554301854,5.088582576821506,0.986603935481222,0.13795199360897334,0.24015839893666469,-0.2244234938337739,0.9625585,0.23500746
-5.000031196876201,4.963377498178433,0.942469644632117,0.12743559816507405,0.23018521407501602,-0.2361722624722422,0.962099,0.21676123
-4.998043134154706,4.839558892011789,0.9737120627738901,0.1335147828199203,0.23454178376893697,-0.243743145230626,0.9733346,0.22746518
-4.992981953747263,4.717166447526404,1.0062305398703586,0.14023639790193743,0.23963616800760268,-0.252758857656461,0.9858338,0.23857793
-4.984734007324518,4.593698833373876,0.9637167301441723,0.12865763946472386,0.22907800974947423,-0.2475482404111191,0.9738895,0.22237629
-4.973104605169897,4.470402940470734,0.9962297820385051,0.1361981806402015,0.23532638570830788,-0.2342850239805665,0.97104275,0.23656002
-4.95796502425761,4.346075050265377,0.9523668298592467,0.12419553019093486,0.22458626982660745,-0.22518664516037967,0.9561431,0.22023731
-4.939678922069085,4.223365221214635,0.983724358130934,0.12869889059871126,0.22854840640778828,-0.22422846926848328,0.96140844,0.23109555
-4.918465950642679,4.102469445915976,0.939560638886532,0.1164891205871207,0.21778968558943923,-0.2306538863011771,0.95716286,0.21258208
-4.893928185190876,3.981123826703159,0.9733215153951486,0.12142247686841096,0.22267484933855508,-0.24805660228593363,0.97556335,0.22182155
-4.866265656190605,3.860562422384242,1.0058601694518263,0.12723808454180954,0.2285167286095655,-0.25385934998147786,0.98577964,0.23253217
-4.835364617173991,3.7395520943701417,0.9620042926491302,0.11468779922072682,0.21788402513219984,-0.24706114431671722,0.9724327,0.21551934
-4.801450355617875,3.620490976077687,0.9933873694869524,0.12062228102732056,0.22413561758041123,-0.23919145558827393,0.9730007,0.22761348
-4.764879923834226,3.5033110102136376,0.9493118539914807,0.10817500884893186,0.21367830945119048,-0.22862125029604807,0.9570137,0.21104077
-4.724935616093346,3.3859020266638065,0.9829088358016203,0.11284314072800909,0.21907711592288992,-0.2249698221006322,0.96082014,0.22258985
-4.682004800957966,3.269585575048067,0.9383805104516137,0.1015023998380973,0.20969216888353426,-0.23627790366301116,0.9599245,0.20357218
-4.635812690593363,3.153337047815195,0.9706866817135111,0.10595489725873142,0.21522404240789128,-0.2487425744878342,0.97461325,0.21253198
-4.587351306813159,3.039484377124397,1.0017190507839453,0.11143427793357379,0.22163423937213234,-0.2527109441047253,0.9832623,0.22267357
-4.536685457701339,2.9279608462154503,0.9573536176515914,0.10031750430159814,0.21257170511892232,-0.25158636839382553,0.97382075,0.20534503
-4.482595121927838,2.816519162306243,0.9908245681088683,0.10691571612650155,0.21994124122667447,-0.2347312080405215,0.9685927,0.21931097
-4.425665154221906,2.7063104616575675,0.9462238660166891,0.09603089769209751,0.21106076666026075,-0.22547648939210996,0.95350677,0.20305714
-4.36548281420676,2.596392390780023,0.9782267738501403,0.10116395784735333,0.21714541558108325,-0.2255748691616517,0.9596389,0.21381462
-4.303320544587648,2.489118542899192,1.0087813800458938,0.1074961089537928,0.22416971756510662,-0.2307321378426408,0.969073,0.22408372
-4.239332286926059,2.3846095842107102,0.9640012064661116,0.09671767347246371,0.2153944529005427,-0.24283997702817572,0.96871513,0.20511037
-4.172087214430014,2.280802496854833,0.9972439928418246,0.10357558041155335,0.22276481610146515,-0.2537140320078919,0.9826151,0.2156668
-4.102266025124522,2.1786672558045903,0.9527058489230628,0.09273354250517903,0.21387573751521438,-0.247493480238681,0.96963906,0.19907638
-4.029280377464348,2.077141447092581,0.9848555558498765,0.09817293873708856,0.21998921523687143,-0.23444553177185234,0.96673775,0.21174413
-3.954574225113232,1.9782568647443863,1.0154989568158153,0.10503563659684796,0.22720159627288528,-0.2284822358207108,0.9685403,0.22375897
-3.878285216106446,1.8821511982874977,0.970617063973382,0.09483177454053754,0.21884177967263418,-0.22309073822103298,0.95611155,0.20725673
-3.798835454529357,1.7871251994135464,1.0034948737648572,0.10255311246947121,0.22662466023744732,-0.23509044432175763,0.9707758,0.21804178
-3.717035205805379,1.6941915267193361,0.9586698782732037,0.09206389148320762,0.21792377551317565,-0.24775962596198764,0.970816,0.19916055
-3.632254620080528,1.6023934671390436,0.9906068710640309,0.09769366550973059,0.22381831663664498,-0.2540492898892257,0.9812471,0.20950118
-3.546164171352885,1.5134937316169437,0.9446243325584555,0.0872777874970332,0.2150297851183226,-0.2517831230183183,0.9717851,0.1938684
-3.458780107542975,1.4274291114932964,0.9764653472974965,0.09437314239195702,0.2222018917371491,-0.24057047427421363,0.9691776,0.20545128
-3.3684100082621136,1.3424604755390313,1.0092689001381934,0.1025407593020559,0.23002131116173297,-0.22563243046563297,0.9652522,0.21992919
-3.2761122284086244,1.2595527709528775,0.9641218870645536,0.09330264754991648,0.22218430169958858,-0.22546309026385325,0.95644104,0.20320272
-3.1808360608416386,1.1782668339722508,0.9954045372247512,0.10267023925741506,0.23079407434316024,-0.23623592339662003,0.97006994,0.21459022
-3.084681524050431,1.100156443305188,0.9491327945700571,0.09279956319293005,0.22216002084458975,-0.24358041475725245,0.9662113,0.19638225
-2.987732024854563,1.0252308334178064,0.9807743039417499,0.10049898775225828,0.22903451228152555,-0.2528199200685237,0.97875327,0.20740327
-2.8880232354989928,0.9518204417775528,1.01367080682782,0.1089639102487837,0.23633492490513058,-0.24881043621549503,0.9824177,0.22086087
-2.786635644628729,0.8806646534271887,0.9974893301273788,0.13261928539319745,0.2595570855491703,-0.22506691185571426,0.9644229,0.22911125
-2.68234348279995,0.8113690527004951,1.000269905774438,0.10969482293237888,0.23660791738583314,-0.22506691185571426,0.9636412,0.22055581
-2.577206502629626,0.7455564497763995,0.954102021736072,0.10007261543806685,0.22789526720899472,-0.22413601150673457,0.95410293,0.2036174
-2.471578552230317,0.6831193695206451,0.9857148490456331,0.10692342168719847,0.2335218570962001,-0.23030355334358577,0.96447444,0.21478271
-2.36352032243252,0.6226591561526437,0.9711139112221732,0.12750720284398046,0.25461202564615226,-0.25399388287398117,0.9793454,0.2159453
-2.2541903857522687,0.5648338324780773,0.9739695045673679,0.10345878173997124,0.22988589239551127,-0.25399388287398117,0.9785209,0.20712945
-2.142308602627628,0.5092696511444557,1.0057182580533601,0.11260018425094241,0.2375278783168719,-0.2470723300135098,0.9800078,0.2210024
-2.030107865742351,0.4568710702810911,0.9599649940105842,0.10222332411627501,0.2281887984136512,-0.23997407627878697,0.9662412,0.20462093
-1.8027110343676624,0.36091104389415785,0.9916780019902611,0.11060431806518939,0.23508991849337282,-0.2287855916909356,0.9647317,0.21871081
-1.8027110343676624,0.36091104389415785,0.9480387808187271,0.10084814020422314,0.22615191993591624,-0.22509433092867326,0.95373744,0.20279911
-1.6867938080237488,0.3168465273918345,0.9795892804476074,0.1087908106666632,0.23271181779075656,-0.23627463570504337,0.9676227,0.21379805
-1.56873390282945,0.2753359725115074,1.0110586404496076,0.11798161981303497,0.240163028318865,-0.24861014704987827,0.9823647,0.22523245
-1.4510029865121024,0.2371033317400643,0.9651818043935692,0.1075592122144061,0.23068851674728316,-0.2530208481560614,0.9765231,0.2073605
-1.3334457880491788,0.20230525532743937,0.9969399421263558,0.11663195029952282,0.2379960019201298,-0.25263955769146795,0.98252773,0.22044939
-1.2136728292098464,0.17008277860936777,0.9536309625119843,0.1062096205376704,0.22840506412889025,-0.23675142345774658,0.9631316,0.20590407
-1.0930221707448449,0.14075217508322443,0.9375401212616377,0.12719298537034437,0.2501117085733843,-0.22675145603561542,0.9544842,0.21103337
-0.9704032174284476,0.11416428812061256,0.9403787765918373,0.10415032903618812,0.22557231017230694,-0.22675145603561542,0.9537213,0.20284367
-0.848534032971208,0.0907911409020108,0.9706818699205874,0.11177028444556139,0.23960318792275548,-0.23172916524119214,0.96300036,0.21204495
-0.7276011427310063,0.07052981474284403,1.002194816776327,0.12088651138839333,0.23906606802245856,-0.24332746099165492,0.97731656,0.22569278
-0.6051432788413744,0.053011244924465135,0.9588030492274081,0.11200422713225511,0.2307779164706687,-0.25418672314846,0.976468,0.20841888
-0.48229597764118454,0.03863886463632981,0.9906708841602422,0.12193800600278419,0.23868672358675963,-0.24776338883453608,0.97837025,0.22272655
-0.3577666632688021,0.027303079283129056,0.9463304174733691,0.11237742652133498,0.2297061182571459,-0.23478454898870216,0.9608478,0.20794272
-0.23408789618529896,0.019160004954979486,0.9772101815279576,0.11964630047403922,0.23517945159481374,-0.22882692431559315,0.96274143,0.22076783
-0.11143115122490516,0.014074173955091775,1.009037620572388,0.12816213564252707,0.24172163717476117,-0.2235462462538671,0.96534556,0.23432767
