0,0,0,0,0.0,0.0,0,0.0,0
0.0,0.0,-4.118668127567082e-05,-5.723485258197044e-09,-0.008013559239114497,-0.003570577466063902,65.81491203402196,0.0,0
0.00022847919657613438,-0.010007523397984842,-0.0025643734511218014,-0.0037630503969401184,-0.023407061505357565,-0.015246939764177,72.1052770628343,0.0,0
0.002644787254381292,-0.01375067444413367,-0.014490382022332878,-0.02335048413261826,-0.04573582907547714,-0.030212053076910196,71.50857755590786,0.0,0
-0.007367740961347493,-0.02839116338782849,-0.029404349643029005,-0.04823801511429859,-0.07467598704867953,-0.05074967822308142,71.46051696164098,0.0,0
-0.016487737261897898,-0.053159587845264464,-0.046219269729676854,-0.07628662225050069,-0.109787030015089,-0.07730087806343341,71.46162367637822,0.0,0
-0.025127643629254078,-0.08241405406306196,-0.06483697281752333,-0.1073661491204084,-0.15065366318839013,-0.10904525363890036,71.470378476174,1.0,0.06496420003793772
-0.03041986776628839,-0.11955119891258698,-0.08419852596432242,-0.14035259314207457,-0.17793832632245812,-0.13167627000370938,71.44643170879971,1.0,0.06246929953315186
-0.04133001357568071,-0.16374632948682458,-0.10356737220345014,-0.173352251007209,-0.19249737260206734,-0.14776689861004516,71.37895279204774,1.0,0.06107043837652966
-0.047270048165324145,-0.20569533830641434,-0.12169858109562438,-0.20408703665755662,-0.19507890966932212,-0.15807919880793384,71.32312360586566,1.0,0.06052452921249448
-0.039297925837787746,-0.2870976140094967,-0.13778596034187485,-0.23125719936561692,-0.1863311761732185,-0.1683466495568291,71.28234942641565,1.0,0.0707894157504756
-0.029654089454733412,-0.31743329980661467,-0.15019945344214075,-0.2522191892843406,-0.16700121225642334,-0.1726002916316959,71.26074645773757,1.0,0.07941730821580945
-0.020409945163603314,-0.34535104445037995,-0.15814397058743007,-0.2656244041660256,-0.13784211713701386,-0.171726780829983,71.26761045095704,1.0,0.0903764872367758
-0.0003417258591453017,-0.3685378632901929,-0.16040324903639566,-0.26943002855461085,-0.09947946951307296,-0.16619630343989827,71.31547426948508,1.0,0.09700339807249055
0.02696831430147294,-0.3848423020771534,-0.15565300896387846,-0.2613521493498229,-0.05255908493244166,-0.15616543249564108,71.41239446296323,1.0,0.10661102412715943
0.06612208247286798,-0.3910122926589379,-0.14348623669646873,-0.24067159403419683,0.00233191217022673,-0.14139712237277158,71.55672868410517,1.0,0.0895282880633515
0.11734417988756222,-0.390324739225826,-0.12471354920583705,-0.20881395547580672,0.06469550481516391,-0.12208070384286607,71.7289867223604,1.0,0.07447291135344838
0.16834073668467506,-0.3821563535471229,-0.09940789574109991,-0.16583063678289156,0.13396241595315486,-0.09832241762986135,71.88248858354206,1.0,0.05826990613889812
0.21895408399626243,-0.35577925582976,-0.06942894372966864,-0.11487972032172705,0.20962649807465641,-0.06915882943950287,72.01677534479742,0.8481607040052711,0.04034544125605254
0.27850906975377226,-0.32784651963133443,-0.03603266174853327,-0.05815943035584653,0.28837958071080505,-0.03759893730425598,72.08798583908512,0.7000097748402742,0.024572664951805524
0.3440346500198065,-0.2933373334785548,9.796641121363726e-05,0.0031905698902266835,0.36722309813605364,-0.005643691006714795,72.12088895937909,0.7126831953707503,0.014859020158618941
0.4141843198102745,-0.25178968046443684,0.037385045960089985,0.06647802771411222,0.44649438230778693,0.027434746723594597,72.13409161623173,0.6067953742326966,0.004805433424808381
0.47768001067234206,-0.21478844735934632,0.07548628131526028,0.13104411503090801,0.5240663322727017,0.059464222132967,72.12750628527192,0.6477732093484952,-0.0009134731402784813
0.5363569543698351,-0.18292335926562017,0.11289787415625523,0.19436084555309985,0.600845767384339,0.09066528659800689,72.12160688626928,0.6274992715139884,-0.002531639820635607
0.5997992914385352,-0.1434663395495088,0.150646044669452,0.25816119070320576,0.6765374260162202,0.1215931435792883,72.09053461661424,0.5607877340280525,-0.0071760652639749345
0.6676749827927825,-0.09971355458970163,0.18795890545767668,0.3211184673222899,0.7499565388289562,0.15178092459394282,72.0619155971031,0.6550964715797054,-0.00819318864706177
0.7301969186225864,-0.05157290837722663,0.22542942407596733,0.3842216769510444,0.823095758398062,0.18314959931550354,72.04575572313436,0.6016704541281498,-0.011065687446516221
0.7878873015644948,-0.008653102374875798,0.26255760118924115,0.4466029039368671,0.894868345569198,0.21434461170499458,72.0075566539085,0.6659331048739197,-0.01429069722217774
0.8408798914003799,0.02923756634713402,0.29949781528062713,0.5084935671108028,0.9666243619917014,0.2458396240368006,71.9630691724271,0.6391405431360804,-0.015396138159314992
0.8889752089067838,0.07222659970447796,0.3374116645574038,0.5718384634281152,1.037775659144985,0.2777279218844781,71.8876372279802,0.5767778252897298,-0.018657611980163386
0.9420009879133919,0.10978955257686149,0.3743844080009749,0.6334038743188639,1.1071575573777417,0.30862267856362435,71.81245561884384,0.6638873969488591,-0.020008603828465442
1.0000553435347102,0.1477210932776348,0.41175906564477427,0.6954168123799983,1.1767140764286896,0.33992032754112045,71.75372219922608,0.6013291411869512,-0.022185715579365196
1.0589440315524832,0.1907681645515334,0.4497059901122079,0.7581355105435185,1.2451749941128885,0.3712249620058469,71.66653479867057,0.6690940474631926,-0.024529023665376033
1.1232130803209626,0.22908535072683575,0.4871488968754122,0.8197634617913453,1.3140661667245075,0.4030395306891656,71.57637682469115,0.6308166096924408,-0.02514580597661743
1.1828168234144736,0.2623572741592317,0.5251679350441801,0.8820997461912427,1.3825321142054516,0.43431703963171064,71.46109124819701,0.5781955261651625,-0.02618376268375603
1.2370116198702221,0.29980145021143195,0.5633011217567978,0.9443656654420305,1.4494694654510119,0.4648464852463525,71.3634603221159,0.6626018915114069,-0.02692959670477242
1.2863320558267126,0.3357074286337815,0.6011368400243454,1.005875020205926,1.5166806725561333,0.49573374940825454,71.27794582692677,0.5977418094824589,-0.02810956044073697
1.3409590297454805,0.36674908854039473,0.6391509640399325,1.0674059026449392,1.5828554335173102,0.525630389834832,71.1647858430969,0.672312880823623,-0.02967959402716627
1.400919002007337,0.393869437767754,0.6773921119461064,1.129007337237236,1.6496759250145672,0.5552669980579953,71.06337403787919,0.6251505010482798,-0.030172036489379463
1.465971862641062,0.43140401431850595,0.7155898910059508,1.190235998646094,1.7161702171059832,0.5850395262016188,70.94528758613131,0.6585606206364107,-0.03488122099956236
1.5362557400793924,0.4743063880489103,0.7549405545619808,1.2529577096471876,1.7831352523001693,0.615877291349835,70.81463597359944,0.6506751584832311,-0.031741944856606516
1.6059559261986098,0.5123614769566672,0.7941664168395691,1.3152060500353877,1.8503668751529314,0.6471254615284678,70.67840704704469,0.5737855222404215,-0.033642517865279914
1.6059559261986098,0.5123614769566672,0.8329545102161448,1.3764363222199982,1.918683739939551,0.6912341722670117,70.55469404036565,0.6537519107888766,-0.03432320324242695
1.7358167737539596,0.5921601280874654,0.8725807868533292,1.4386952176424554,1.9847820481875693,0.7204549903062174,70.43567978327935,0.6537684960985686,-0.030572092669976226
1.804895052238443,0.6349956007996969,0.9122642060101028,1.5007459775855903,2.051286076564931,0.7511185929522826,70.31090273896636,0.6453519904267562,-0.03782568695308572
1.8692403249517773,0.6778849899397189,0.9518439571060536,1.562248495914171,2.117972209414561,0.7828672550417284,70.16129509745731,0.6313602686882134,-0.0346829748732312
1.9367799772216299,0.7257749785828882,0.9919720178853627,1.62426870036644,2.1845594850324805,0.8158852384935931,70.02403131215016,0.6327906585565699,-0.04249778836028936
1.9367799772216299,0.7257749785828882,1.0323926892897155,1.6863109733290447,2.253621815808024,0.8583998533528331,69.8817276817198,0.639942937049383,-0.03672380799606825
2.058236441962949,0.8361382057108675,1.0733264096609614,1.7488854416416995,2.3200551844105575,0.8937475867220919,69.72811900971968,0.6399674502158745,-0.0330163829634947
2.058236441962949,0.8361382057108675,1.1133309137686813,1.809715525169559,2.389247355175062,0.9356762445649487,69.60236900896639,0.623305257845364,-0.04098193835333945
2.121627870727352,0.8983294998415545,1.1541966263537327,1.8714461027105742,2.4547440546830783,0.9682240645317661,69.44427622057324,0.6233281610531081,-0.0367645035712449
2.1801598021676063,0.9571665765299647,1.1950983724568411,1.9329724193871853,2.5199489893108065,1.003422498511036,69.30139959809198,0.6136311145847648,-0.03332879361226759
2.2335524716942765,1.0206136162974917,1.2360339168293526,1.9942016590619802,2.584614537604799,1.041205540155313,69.16835725682124,0.6173147443916913,-0.04060220383223154
2.282282619479451,1.0892898322509776,1.2769594327451845,2.055065201384114,2.648830418894108,1.0817365606324825,69.02265838306806,0.6289169919256561,-0.03500585656118686
2.325026819165753,1.1612238987086645,1.3181506064881703,2.116005856272861,2.71280239500716,1.1251293815339696,68.89242094792645,0.650132912087592,-0.042380501738069225
2.3735677056633397,1.229584951532405,1.3596125396547172,2.1769134025849946,2.7770806323897723,1.1708655613135222,68.72679960983052,0.6203606030217956,-0.03985177994092472
2.4172994991898156,1.3014969762488116,1.4011809156563098,2.2376785771372516,2.840936502679696,1.2186855564618844,68.56364939402312,0.6029508980868765,-0.036973832094489505
2.4559600350287307,1.3780789501315955,1.4426828754375545,2.2979812323781514,2.903954817667782,1.268648165105918,68.4162317503037,0.6042652220918349,-0.04558500969526099
2.4998748337251633,1.4599893017017642,1.4840960051242629,2.3577569309936592,2.966288741757414,1.321052376146283,68.25367936960114,0.618506390013249,-0.039317090164398674
2.5478245390685954,1.541156746445323,1.525743259787716,2.4174907919600854,3.0283199954407323,1.3757783565726096,68.1034059092597,0.6361289579932811,-0.04806842750466937
2.60136822108261,1.6255161025569733,1.5675668812795907,2.477032054371644,3.090533345440877,1.4330716881992411,67.91682291328492,0.6158535408024284,-0.04442736421832856
2.6599962981175134,1.7139852863310092,1.6096342187873764,2.5364947658245636,3.1525127497346617,1.4928677933239267,67.74764857004445,0.6599314455990148,-0.05205172202314652
2.7136983586637884,1.8071988238024836,1.6527137003662316,2.5968240174738537,3.215224162522885,1.555838880703386,67.5550901970661,0.6744119779714399,-0.06119654865400014
2.76352294737381,1.8983395407308545,1.6955898516344319,2.6563182000504444,3.2789234101432676,1.6215645387300444,67.323727822738,0.6744424984461102,-0.05646276970119155
2.8181398344495676,1.9883025580892448,1.7396420383200557,2.7169899962762654,3.3435806184907597,1.689648550884839,67.09511758990872,0.6038620004839229,-0.0555969458488729
2.8788042456778813,2.0844715036750117,1.7838434536929593,2.7773210605759324,3.4076145200915704,1.7596943819915003,66.85540059818125,0.6411461949160204,-0.06341486963297345
2.9349006370139294,2.1701771884244425,1.8283331892748547,2.8374809453847183,3.471880869564509,1.8308973718735937,66.60539119602655,0.6113677983829837,-0.05831744562604685
2.996387342422763,2.2507954080224666,1.8728735579035165,2.8971616205691677,3.535740462812271,1.9023788363098793,66.3696524261925,0.6162308786478923,-0.06939429299679434
3.063280152264116,2.336718971546662,1.9174724213270216,2.9563368585453773,3.599416658947951,1.9746527198402117,66.11314759410874,0.6281746848734079,-0.060400645913294554
3.134176859332759,2.4260500049153193,1.9624045663939287,3.0154166228546204,3.6632218646681767,2.0481515001703614,65.87529027155017,0.6376178489232683,-0.07223477164666833
3.2109637857782674,2.512409757704943,2.007568192808388,3.07414480660051,3.7274581046221673,2.1225263236362184,65.59064773912057,0.6172117479052279,-0.06554151935751781
3.2804621740670377,2.597796114312547,2.0529449691874415,3.1326021215169657,3.7915601055791273,2.197429718586338,65.33429115041015,0.6569829674122429,-0.07610910739671722
3.345247848278822,2.6785722593946173,2.0988003738617733,3.1909792379898483,3.856428295877345,2.2727288332025464,65.0413970219936,0.5962715852287022,-0.0716824965705339
3.4078687218436983,2.7613591429833115,2.144594421112122,3.248826652439668,3.9206011348433734,2.347997888333397,64.75955856062295,0.6059339168830563,-0.06297056541551002
3.4643323578485377,2.8472734130509276,2.1904651650772045,3.3062494850016413,3.9842741261060026,2.423705126658993,64.51328604627152,0.6072945420845499,-0.07568410787482835
3.5262137078113427,2.9384975633962775,2.236444695383551,3.3629902125429334,4.047595764809955,2.5003015386474563,64.22182373268232,0.6560005920694942,-0.08685833882596503
3.583443832632905,3.020591862061667,2.2830884414567194,3.4198156061826688,4.111691929192685,2.577254800251583,63.89117327994565,0.6330243274360885,-0.08063181497356828
3.6361655101162365,3.1076010260814377,2.3301638666425797,3.476454581695794,4.175926405610086,2.6547931594306586,63.55966451470016,0.6366402192505389,-0.0964212070354347
3.6849701825637484,3.189902205828826,2.3776465281133325,3.532832769742949,4.240365229942851,2.7323747089570727,63.19730516620473,0.6411197813271943,-0.08547397730303868
3.7380601227413166,3.275903432650723,2.42567135122998,3.589166644135329,4.305119798758412,2.8104294357881736,62.853847506247114,0.6186973511103507,-0.10159504311498295
3.787184213094673,3.3621314315942827,2.473889799227192,3.644881825230033,4.369637916524002,2.888661969844724,62.45972839719009,0.6188371152820253,-0.09197315394727838
3.8418758556922366,3.4534624830082525,2.5225324418665043,3.700284911907901,4.4339760269907,2.9675981794436552,62.09138934343034,0.6463498334224997,-0.10716215329263816
3.9012407321272553,3.5336095523669577,2.5716624245913975,3.755406888522562,4.498866448773992,3.046278964307493,61.67163827083898,0.5900734529815699,-0.09917190577116841
3.95725593748683,3.6095076781101576,2.620880933805967,3.809807235100651,4.56290668113211,3.123886371487538,61.26771465219459,0.6578036675604937,-0.11193293145528206
4.011663642201791,3.688522846890282,2.6707728125237007,3.8641066960841086,4.627757536409767,3.2013423461711086,60.84277886303318,0.5947549883773309,-0.10377779842085585
4.072397039360719,3.7631443585951687,2.720734903341734,3.9176555426361896,4.691926115423764,3.277759579731749,60.41887609033354,0.6418638192719435,-0.11866706948135228
4.138862547894276,3.832697323812546,2.771217006960694,3.9708949646160265,4.75666128948634,3.353082377175884,59.96924552691045,0.6055973615973375,-0.10836258734608452
4.204783822747135,3.905825369061185,2.8218314151754926,4.023450333827578,4.821049189529176,3.4275173229168763,59.542352374563315,0.6212673232798751,-0.12452497457016636
4.267045889488931,3.9742508609661504,2.872770914535032,4.075447620318314,4.885481689740033,3.5007678134028737,59.07171455285057,0.6215025318332899,-0.11305536678585927
4.323418318219617,4.04588555059261,2.924149957902636,4.126995982602292,4.949889827785982,3.573308548398794,58.61821403796836,0.61143864652552,-0.1351023949012786
4.3856431230992765,4.1227640783667185,2.9758989487993346,4.177699605443593,5.014126175904443,3.645549529526672,58.086568747410894,0.6622955312577492,-0.1536680214279573
4.4506352703823495,4.204369781601794,3.028578256455013,4.2282365289235715,5.079482966103289,3.718241380075563,57.5074611619899,0.6204077466545141,-0.14268536151690134
4.520452311701139,4.285566091917497,3.0816586550889937,4.278120451394816,5.144913710771223,3.7910416367401814,56.9401964964902,0.6245420603147,-0.16487048451355865
4.588272866333344,4.371404322728894,3.1352750321217946,4.327393853955851,5.21052988570764,3.8643177411131306,56.31923062954195,0.6280676314291005,-0.1468723832631803
4.660764404857504,4.445709992478226,3.1894511405322596,4.376159998239647,5.276433504547366,3.9370271435139332,55.74043763579283,0.6117453023560122,-0.17139382194665603
4.729528692623618,4.514902494795784,3.243905197794515,4.424006627895459,5.342207763326763,4.008535680321537,55.088012337551504,0.6143770023311564,-0.1525808934049586
4.798492553720499,4.585239473306986,3.298876029640402,4.47121899346196,5.4079101090180535,4.07917819683741,54.475687152391224,0.6144563914404202,-0.17737727023803704
4.861795381425414,4.655877869974921,3.354294380335834,4.517421374939529,5.473521484293062,4.148970967531488,53.7861809980456,0.6290372402383297,-0.20161224515331255
4.986456236074594,4.783760885359265,3.411536910495632,4.5638293409984305,5.540050944402735,4.223424249006432,52.96837064509909,0.6290114841577961,-0.1828797423210062
5.047551516455166,4.840899164349223,3.4684541386336365,4.608720819655471,5.606807408567141,4.295429208367348,52.2559765461188,0.6666584392502395,-0.2539426464804029
5.047551516455166,4.840899164349223,3.5260301125401856,4.65210192998649,5.680529613078549,4.308975444542282,51.378233811966886,0.6025400007728139,-0.2330900748975402
5.181235899377446,4.938670311762756,3.584860873003257,4.695216540978989,5.748049931748327,4.3850434222158094,50.384086765646785,0.6030793261582803,-0.21459303185891893
5.181235899377446,4.938670311762756,3.6438555184832695,4.737169200651048,5.82093179873296,4.396141190875583,49.62641957305014,0.6092378248837333,-0.23496747076406896
5.32924699858205,5.033817125249031,3.703279742367886,4.77805007350822,5.887898737070511,4.47497990008179,48.665377645901515,0.6100334715073585,-0.2098607980329465
5.411692599294027,5.072559362495482,3.763833447305258,4.818333374176323,5.9548083407736065,4.5468081892625705,47.83580039415217,0.6566217601346653,-0.28958216749722343
5.411692599294027,5.072559362495482,3.8242764133480325,4.856435038218042,6.028260657431523,4.554315003952694,46.84118604996313,0.5896125152732954,-0.26524137412638393
5.56542862921087,5.133754936427944,3.8864032939945545,4.8943379030062175,6.09553584072736,4.62506288140457,45.734591250883405,0.5903403441340256,-0.24427789705508418
5.56542862921087,5.133754936427944,3.947303677439792,4.930100031869074,6.167484917089738,4.62993688744198,44.90850543932313,0.6403731338366427,-0.32576460487089015
5.702395780567123,5.179080408994568,4.010489744926293,4.964978452966883,6.234594321645085,4.69725709332117,43.63011132813976,0.6414132222405269,-0.2962862375689968
5.775430664063812,5.207473832511516,4.07342902817103,4.9981199679562724,6.302301886909924,4.756565176755759,42.4749595474735,0.6408202392832634,-0.3291164465737707
5.775430664063812,5.207473832511516,4.13793848433503,5.0299643483812915,6.375856387101396,4.756905842757174,41.302929049419596,0.6093485430370083,-0.35944717675105414
5.925652808594556,5.2683927390005145,4.2038168470752355,5.060461768103797,6.443729239978825,4.815644757476449,39.819407406186784,0.6105429172787116,-0.32888372743516264
5.925652808594556,5.2683927390005145,4.268640674865656,5.088848818031264,6.5165159014005845,4.812620193763377,38.678149165005365,0.6111805682968485,-0.35442722573404567
6.067927564983102,5.316029181375273,4.334790234141861,5.115678695758059,6.583656853701992,4.86926087313087,37.16817106403083,0.6132428585736586,-0.37971623755840367
6.139222539375566,5.339649253798246,4.402066072290365,5.140999255624268,6.650486401163383,4.917900321116304,35.746500135625766,0.6192139144420719,-0.343235217862301
6.139222539375566,5.339649253798246,4.468381094855869,5.164313970298062,6.722319591672152,4.909754867970093,34.52393382982971,0.592965423234098,-0.37087509868246327
6.267953271095377,5.3767414502332205,4.536259609104905,5.186364202419619,6.78791419707547,4.956918085053452,33.03216837921626,0.5945445296194963,-0.33480884278844647
6.267953271095377,5.3767414502332205,4.602759625725367,5.206308355597716,6.857969633260926,4.945658343570728,31.903540259229416,0.6354720224481196,-0.4338231253913288
6.404467993466756,5.396716458691025,4.67087093146494,5.224269778316619,6.922826298096884,4.989203118039708,30.20438521925875,0.6372924720365187,-0.3942330811209328
6.469748426992315,5.396262164825826,4.740335779602192,5.240663645077861,6.987779803108156,5.023392222082816,28.68440996163146,0.6363429531733581,-0.42755541585983736
6.469748426992315,5.396262164825826,4.809143498726141,5.25457401013254,7.057975038918919,5.006116402659555,27.18648769352372,0.6196841740413865,-0.45456140976799875
6.607264048741766,5.404124570602063,4.879814606674376,5.2667156378157935,7.122318001283203,5.03704515162741,25.346602914416533,0.627520327014027,-0.40678731344955343
6.607264048741766,5.404124570602063,4.949290377160092,5.276818453753199,7.191538168905364,5.015755446147896,23.91739070282936,0.6010142213793173,-0.4391452330062214
6.742979967550997,5.408154136014289,5.0195861563729585,5.285016889883531,7.25439033851314,5.043841645301188,22.129088878953247,0.6033922314184006,-0.39214922132332597
6.803202351390741,5.404732103220751,5.090343975422737,5.291547135842481,7.31621278303762,5.0644728688647405,20.62881012150646,0.607437406821066,-0.4165104607674227
6.803202351390741,5.404732103220751,5.159782576630736,5.295790847038465,7.382307784581835,5.038035457002539,19.18445042587248,0.6170700075303542,-0.4394228922723092
6.918458354558313,5.406438365371819,5.229939113168829,5.298117960162347,7.442237500164018,5.057741727479905,17.419880926906092,0.619072747165889,-0.40126720460713555
6.918458354558313,5.406438365371819,5.300135151423766,5.298717998287498,7.506778961648136,5.027722945952607,16.048122453987034,0.5907302859310604,-0.4277306057040906
7.053242492961835,5.411339565836785,5.370732800958453,5.297370289319458,7.564608407722835,5.047563352594752,14.326143992471227,0.5931096920199104,-0.38410353632578254
7.1175267160114295,5.411193249165829,5.439367870166359,5.294407788311284,7.6211965183247665,5.061554687772605,12.904163805687075,0.63766990952257,-0.4816393618119663
7.1175267160114295,5.411193249165829,5.508801954806695,5.288802149402093,7.682395059482069,5.026612583890423,11.318932392858303,0.6295679867593755,-0.43101738814851265
7.2457371557403345,5.419032596847681,5.5789964596152215,5.281486243163237,7.737853400675861,5.04187271696785,9.570376453162167,0.6315771341710799,-0.3957287205536387
7.2457371557403345,5.419032596847681,5.647941401314733,5.272638107854686,7.797683207463807,5.003329402709654,8.215401783820806,0.5888645560472341,-0.4172209533158044
7.393328080933477,5.4365766012973324,5.717001931338164,5.261665245416897,7.851147405731982,5.022190476900548,6.48390278053257,0.6437978730103273,-0.43429096267419476
7.467743733595737,5.437786696719548,5.786500842471229,5.248376206083442,7.9042626660431115,5.034463683159904,4.84592042793842,0.6243085869916254,-0.4663698276890988
7.467743733595737,5.437786696719548,5.854484684340513,5.233130480418939,7.960670745972037,4.990881332072283,3.2451632814167004,0.6256275553259435,-0.414390642918551
7.626564912823342,5.41954324974934,5.923563870066341,5.216121213841261,8.012076298631905,5.003225917130278,1.550265405165793,0.627988116289776,-0.3741633075974932
7.626564912823342,5.41954324974934,5.991207288914707,5.197712477509541,8.066473866553281,4.956524667428614,0.265412040169131,0.6401396777159991,-0.4542677739864015
7.789499729738813,5.401542254511276,6.059064573102191,5.176755500586346,8.116487664620625,4.969090759904592,358.424573051784,0.6426390843509762,-0.40947192570645086
7.866898897816569,5.385645612336843,6.127377777953865,5.153744940491273,8.165852107259761,4.973845423994705,356.83977412335014,0.6106074516493908,-0.4310267524025234
7.866898897816569,5.385645612336843,6.193692890388228,5.129265341201187,8.216597677005623,4.922106376219076,355.3365063758581,0.6202072025540725,-0.37563500427131113
8.014645927070815,5.353696554989322,6.260772702749035,5.10313681277356,8.263465575428055,4.92804249753809,353.79703894206864,0.6223994639055899,-0.33658426263762253
8.014645927070815,5.353696554989322,6.326178043763117,5.075965465965325,8.311702731641091,4.873970236910065,352.6319864606495,0.6475891916587979,-0.4038969784052492
8.160995250719534,5.295302816838273,6.3922251775013885,5.046087132246017,8.356887400560598,4.877342876778983,350.9538825199621,0.6496795623932905,-0.3626752505212636
8.241318038866437,5.2561035203918935,6.457355388378391,5.014881224087106,8.401489569713393,4.871457407423245,349.5299125858794,0.6135650593886461,-0.3805132046793557
8.241318038866437,5.2561035203918935,6.521148355607085,4.982441291883319,8.446067826958858,4.813014946181017,348.22173480838654,0.622768395389542,-0.329258491173155
8.407304535836044,5.178827279191558,6.585563749046121,4.948361396118849,8.488478788050399,4.805344120086171,346.86700060470065,0.6245733964192586,-0.2935743855268767
8.407304535836044,5.178827279191558,6.6482174644199326,4.913765282426226,8.530554810160456,4.745105533346397,345.83407592829406,0.6028142001003034,-0.30193285811206794
8.580568304168102,5.0949057583443444,6.7109699296530545,4.8773208103609385,8.571179376998328,4.735441079660157,344.55449960976165,0.6597520566009185,-0.31284376146856085
8.658451751359111,5.058049611115755,6.772002359135224,4.839996443832609,8.61141711662801,4.718741292680825,343.33957334467374,0.6370446232185313,-0.326576294966972
8.658451751359111,5.058049611115755,6.833100301820645,4.800857294312182,8.649964773041148,4.65536722385247,342.20520149426034,0.6395304260009713,-0.2861465250341163
8.816576875640704,4.965585434179434,6.893794120894502,4.760758129415046,8.688731740221037,4.636540296819575,341.02103388749293,0.6408919207026458,-0.2547552254655065
8.816576875640704,4.965585434179434,6.954177211479466,4.719506269180716,8.725261769381028,4.57117841005689,340.1154911549311,0.6178649336009782,-0.26079088609261325
8.972489532238619,4.879071910680016,7.013643584635382,4.677462969107961,8.762616172141502,4.551813185488717,339.028655861995,0.6191140123868242,-0.23037367698540928
9.046636303417609,4.8420553178377075,7.073031177816181,4.634196073797728,8.79921410053368,4.527858384289636,338.1207516918876,0.5941541679001863,-0.240562949773948
9.046636303417609,4.8420553178377075,7.130158199112138,4.59105249288534,8.831859959226762,4.461893747071052,337.2827865207528,0.6617742545307854,-0.24221920358868682
9.18737376408356,4.757977806952861,7.187348625027153,4.5464868397398845,8.867067618705175,4.438781297352703,336.28602888370597,0.5962278580078719,-0.2186851663953832
9.18737376408356,4.757977806952861,7.243943523582837,4.501159396364054,8.897705455151936,4.3716750651533625,335.5183456256464,0.6534441747321811,-0.22494287198289584
9.315834203634516,4.670695903927376,7.300547390577186,4.454483013167906,8.931496835020234,4.349079269637158,334.59320054717887,0.6543086912630539,-0.19806950889455716
9.377487096460468,4.627994616660545,7.355942117958554,4.407690175902292,8.964915337212991,4.321042875354018,333.8066105032588,0.6271109657160563,-0.20628186885004177
9.377487096460468,4.627994616660545,7.41125355659096,4.3596775629246025,8.993160141458414,4.251397866568223,333.075537413788,0.6203417101299826,-0.17829865065667383
9.434153091618457,4.579906116380281,7.466038146255584,4.311302570164112,9.024613433492942,4.230093240925361,332.3887080488878,0.6210032479424542,-0.15826192639885872
9.54009503769711,4.4788340759328324,7.520876263398381,4.261909342531966,9.055992648352724,4.1972806866513555,331.70880639434336,0.6150833875828903,-0.1627637723970034
9.59483642259896,4.42495998579748,7.573799349371821,4.2131038510635666,9.086716976811678,4.160786341595707,331.0790547352203,0.6331916048345725,-0.16932969512032256
9.644036388773225,4.375248163604863,7.627373736989358,4.162612057851304,9.116871963586025,4.121477497216767,330.4325754716394,0.6045481983314627,-0.15019322921221534
9.644036388773225,4.375248163604863,7.679242804477194,4.1128349998318425,9.140779779686593,4.051392292419516,329.91096489574954,0.6602610759233913,-0.1532161657568558
9.688227118607767,4.3196153381662,7.731498767518911,4.061753766009422,9.169480620456314,4.019075742173386,329.33924828216976,0.6606629262870087,-0.13560009760674227
9.75964961364652,4.212290264960122,7.783811540490984,4.009741765929393,9.198195360790137,3.9762927960503096,328.7507716518396,0.6527154208081213,-0.14194087294003108
9.797955804394162,4.15158446731906,7.836291044499922,3.956554930586008,9.226459503284953,3.9301048377679697,328.1911224919173,0.5938741134765015,-0.12822203624401785
9.83064102224802,4.095408361939813,7.887739462474734,3.903580324978011,9.253838360072331,3.882919020086937,327.68036612240235,0.6317954709687664,-0.1302621366687562
9.83064102224802,4.095408361939813,7.9381542657226625,3.8508287534900862,9.274743148380182,3.8104239690888635,327.2271328604124,0.6227754839649908,-0.11308799546008533
9.868156031394648,4.043544164134109,7.988617373374205,3.7972920644818338,9.300776205701371,3.7720429469474768,326.7749049968599,0.6236260412661269,-0.11842261947271063
9.95343769064077,3.9559219591518997,8.038662708051968,3.7433771171771717,9.326771801856715,3.727327991665333,326.28362305147544,0.6238276962572125,-0.10581653792779264
9.998549744600355,3.9190909562549185,8.08820354070541,3.689314519954841,9.352392634174269,3.6827847192748195,325.8768558827252,0.642498107411879,-0.10771857932308401
10.038371740114536,3.8865679810251863,8.13807483317188,3.6341561784291363,9.377699897800246,3.6385237047846575,325.46429974549983,0.619875228453423,-0.0936362982073854
10.038371740114536,3.8865679810251863,8.186568330581393,3.579923652895097,9.395784857572174,3.5655675055593132,325.13890840670416,0.6705998161717014,-0.0951433506974049
10.083302450938255,3.8527936115670682,8.235529475276103,3.5245151161740877,9.420347027679446,3.5313886391889486,324.77001132635456,0.602639455152171,-0.08683976019846523
10.18518250000609,3.8009628945112053,8.284103156797142,3.469015034506943,9.445061193981013,3.4947982761871543,324.39747791501804,0.6027734668948674,-0.07810190208726281
10.232772460749011,3.7707310120513076,8.33247393698987,3.4131973246467915,9.469447665870085,3.4585906215224496,324.1006760596874,0.6221905061423978,-0.0795805919975987
10.285216863193144,3.735412412782552,8.380065777489127,3.3577316032168807,9.49367770698451,3.4218678943057315,323.8003230821085,0.6091306205008162,-0.06888993230494377
10.285216863193144,3.735412412782552,8.42671967191311,3.3029182998266373,9.509449667471166,3.3493314391355637,323.56453303737226,0.6582260367160759,-0.07088318274021964
10.342794727713368,3.694777445522875,8.473867450193103,3.247040538247302,9.533228761630376,3.322021973835725,323.3110504824336,0.6583157740889469,-0.06259315496734359
10.465149768197316,3.598673852304265,8.52121667369251,3.1904581504357443,9.55782372693865,3.285430778196082,323.043093509168,0.6696394263169647,-0.06702121697483172
10.526567224262589,3.546279043587238,8.5686328515948,3.133254202744733,9.582629576051628,3.245452569075965,322.7743842759253,0.597567433876836,-0.0641040632386641
10.582909127574851,3.488509896551237,8.6163035490869,3.075250704056714,9.607231234171204,3.2037570291622695,322.51066621090695,0.6494214851998537,-0.06521152461284295
10.582909127574851,3.488509896551237,8.662722786455351,3.018275914233498,9.621707054762489,3.1287434069157776,322.28600851803657,0.6281416025733274,-0.057811978243464006
10.63575948246376,3.4349598421356986,8.709455085308253,2.9605742260541095,9.64587547205975,3.0956439817095642,322.05843198947787,0.6282213759955108,-0.05071663467408618
10.724327651670885,3.3338840823240994,8.755936907423058,2.9028523474510384,9.67039653298354,3.0542350170152117,321.8287492745342,0.5638144762621582,-0.04866050540369936
10.724327651670885,3.3338840823240994,8.801087425864038,2.846409692453486,9.683685941607287,2.980915287123587,321.6562536333915,0.5879493252485384,-0.050159615795295084
10.765630896309826,3.2761852522184958,8.846147668520828,2.7897255768696128,9.707256101585426,2.9500421152018244,321.4769570248872,0.5880327396830306,-0.044235102536998874
10.811529557593222,3.213942235161125,8.89058287624435,2.7335322629635526,9.730666494691718,2.9152569616339123,321.3192425659176,0.6633105477336719,-0.04385328212182611
10.862134813819864,3.156740832944979,8.935125943646092,2.676907447822807,9.754306584166235,2.876213872120041,321.1694309509119,0.637100893720753,-0.040084283365899434
10.907214126376738,3.104603069181862,8.979712570130209,2.6198996316127796,9.778007869465977,2.834811968393023,321.02110642619715,0.6605771550408356,-0.04371706721904571
10.948834257946828,3.047471310796692,9.02453590670672,2.5622645899968957,9.801808476018435,2.790446361964504,320.85935145738864,0.6654383032193734,-0.0382844073734141
10.993571618818523,2.9929121204960993,9.069707994238358,2.5039135390356635,9.825767088792306,2.7437679854891006,320.7055322685321,0.586863530416533,-0.039609811442443896
11.033538011966721,2.9424802797970107,9.114514376710535,2.4457130037008192,9.849500661364743,2.697345707146498,320.53730376863683,0.6523899091567726,-0.03909852483624341
11.078671595423822,2.88889689947559,9.159249271828589,2.3873016175519695,9.873339293069039,2.6493678742555256,320.38747684242014,0.6048943641799829,-0.03778520268316991
11.126508354940867,2.8356282932587797,9.203625883209998,2.3290402961760392,9.897123819126863,2.601186481755711,320.247110223649,0.6338834536379624,-0.03941669528110727
11.175024561238414,2.784397888344167,9.247911490450857,2.2705997339680923,9.920973550522403,2.5523745622564395,320.1020421937086,0.6436910374765216,-0.03369252752375402
11.22898785876557,2.727598527168509,9.292282810333692,2.21181953882479,9.94500320701151,2.5022728767952738,319.96764468354206,0.571317259017784,-0.034853838288647035
11.277921589860473,2.6752965741984567,9.336106854198006,2.1534940364072193,9.968887462976909,2.4531364881353572,319.82302554744524,0.6467006784885394,-0.03260198806964547
11.32187435994049,2.617730369856141,9.379793734905629,2.0951063627627344,9.9928800931414,2.402590373199593,319.70350504087105,0.5989466698373724,-0.031956093785674586
11.360344402962255,2.5555971654414993,9.423120663026305,2.036947694400494,10.01675340934119,2.3514635640552695,319.59294060412685,0.6387752459540186,-0.031930503536241196
11.402952225312799,2.499330708689211,9.466486206179647,1.9785032982935165,10.04069896317035,2.2994515709857772,319.4783137381027,0.6460231906488625,-0.02736403979972025
11.441118040589373,2.4371211189095274,9.510012132358518,1.9196307772616288,10.064713210669446,2.245936880675999,319.37379933741295,0.6484713753922708,-0.030619625668350053
11.474601357811876,2.369493064426044,9.553574548346125,1.8604781958494627,10.088733876709197,2.1905255292394186,319.2597848592992,0.6523423734974114,-0.0263689791255389
11.513420781911558,2.306138744785466,9.59729272127582,1.80091639987313,10.112839414360641,2.1337658325118256,319.14041932004415,0.5919680749505231,-0.02758057567753624
11.54678194014359,2.2478872403311994,9.640558192128003,1.7417357997933354,10.136764005239424,2.077690255085532,319.03933143763317,0.6261336915357125,-0.027445722200742356
11.579732656842117,2.185538597526996,9.683720194184303,1.6824995821492834,10.160629257676254,2.021011142028513,318.9410810745542,0.6302419624136616,-0.023199496064092492
11.608100000654378,2.117465955964412,9.726864326791352,1.6231229523974993,10.184424596282893,1.9631483410883148,318.85670265536436,0.636634525863887,-0.024939933635318698
11.641534318473875,2.047570629945035,9.769921755214444,1.5636659743592038,10.208212459892378,1.9039019946736861,318.7641182837503,0.6454360358362183,-0.02084936676717595
11.676800787573148,1.982062651133873,9.813072675238136,1.503926491610673,10.232054764537395,1.8436430423265318,318.6665862139464,0.5848568646933874,-0.022703837074298953
11.706561689640147,1.9217745389401197,9.855735361613693,1.444683095714317,10.255698031631209,1.7843736652436988,318.58923056914443,0.6271479338434693,-0.021058809911161273
11.740583884304108,1.8580337817217805,9.89834408610178,1.385368583213887,10.279335899332121,1.7246419117488694,318.51499006705683,0.6280398935939515,-0.017743626915115603
11.770068635652821,1.788549603614626,9.940931349026199,1.3259662933144643,10.30294203006052,1.6639261830860106,318.45305093868797,0.6376495543326732,-0.01841463071581439
11.794429318760535,1.7237954208684307,9.98350551980891,1.266450678375281,10.326490348960315,1.6025576593395405,318.3884124124432,0.6478050813379135,-0.014973041806575348
11.824053538609544,1.6634966983958126,10.026224788463143,1.2066080297856128,10.35007652083894,1.540812646182198,318.31296537084495,0.5821572767760412,-0.017895591593122127
11.848241845425687,1.6083555054026388,10.068474132481203,1.147291249092695,10.373438042623922,1.480745700114596,318.25520888751737,0.6315398294937039,-0.015062912022220105
11.87671192006968,1.5494171770771519,10.110740572696267,1.0878548829294659,10.396786991186916,1.4206404721251078,318.203088494387,0.6245203444291465,-0.013034333476895803
11.90153579321945,1.4853137118457893,10.152972322960787,1.028386305856878,10.420076085066587,1.360176952002295,318.1610216181375,0.6392274095368766,-0.012437215421477524
11.931231452019004,1.4262635760675908,10.195255792757528,0.9687693893036846,10.443399492361728,1.2995360052591582,318.1191755882949,0.6485283320767035,-0.009750265505438657
11.956237767723284,1.3713731751513458,10.237700539398231,0.9088285669391111,10.466744683608528,1.2389418816316626,318.06315975891624,0.5785579220884018,-0.013598656181631946
11.986118210716752,1.3118884091631844,10.279684270557793,0.8494537117252714,10.489944550179697,1.1795765357611754,318.0237916481728,0.6351058611264031,-0.009464192402688785
12.011091135049817,1.2584331290939454,10.321726081487022,0.7899518556287377,10.51313770896284,1.1205379851675816,317.99211856172883,0.6198319651225717,-0.008664595814801543
12.038364247678919,1.2093570310905448,10.363689606857225,0.7305159151284394,10.536307998835674,1.0625777087597346,317.9695810371376,0.6415877212376739,-0.006631834077837791
12.070544366588086,1.1625169029822648,10.405771505723324,0.670892484697185,10.559575041222168,1.0053028427443957,317.9504766346879,0.6485019494590676,-0.004766053993935551
12.10837086236709,1.1100693448543355,10.448168403608653,0.6108152707136442,10.583019055451226,0.9479795832165155,317.9395299232748,0.653010442060918,-0.0038982630204735524
12.149433640829828,1.0628344362923545,10.490665386457442,0.5505746645211578,10.60668267306167,0.8910419166489385,317.9215542907464,0.6394834637861496,-0.0039781863513168175
12.185284477093232,1.0118064353659686,10.533290516429329,0.4901106314921551,10.630469553508023,0.8344366867075537,317.89767360009046,0.6075155542972065,-0.005760006732437314
12.216788540245377,0.9548578350049718,10.575699975136596,0.4299171476066505,10.65423923704447,0.7783093766823266,317.88330101394456,0.6273441103193851,-0.0031929218852702022
12.243152543039356,0.8963986104576092,10.61806425233332,0.36979581794879846,10.678010761820827,0.7219852404546451,317.87617030205377,0.6331253192486284,-0.0016820499154746593
12.26499167258465,0.8323207998215041,10.660576160457145,0.3094977920620987,10.701762268368563,0.6648130658497595,317.8807291556858,0.6400527456054363,0.0005295722851056499
12.281709538496475,0.7634961315574106,10.70307671799288,0.24924087330391725,10.72547151047391,0.6062702193696066,317.8826811476799,0.6324397100566279,0.0005205884851232322
12.292854705823714,0.7001796292816451,10.745690645859659,0.18884736952433492,10.749060878392891,0.5472048775451794,317.88572498580106,0.6256063218915113,0.0021594293687575913
12.306942560380827,0.641233242216041,10.788225210363356,0.12860522056816936,10.77255073409289,0.48824572670653377,317.8973626360444,0.6256062417539818,0.002105414919714315
12.325854667541742,0.5875273762148284,10.830713889423084,0.06845436235597523,10.795991031812882,0.42987739675149544,317.90767564250234,0.6280445699664936,0.002547545398072334
12.340001326293581,0.5370364736735868,10.873297605007163,0.008235041905534878,10.819344087051851,0.3722896477808465,317.9285820295579,0.6331375930580723,0.005272334508441397
12.348859914010028,0.48626729522681933,10.915830384385083,-0.051845802288989336,10.842585478239403,0.3152647690238095,317.9498034079115,0.6289319312704886,0.004979130777264612
12.35580266249968,0.4311945024191646,10.95847459368638,-0.11201422521678392,10.86568390802529,0.25843934979447,317.9722460145728,0.6243229476216926,0.007689077661824119
12.373404047443941,0.3707292737497669,11.001046863134633,-0.1719864787250574,10.888748978596515,0.20138441430597473,318.00542119453655,0.6241362859250548,0.007340201140231466
12.395835744382891,0.31555140038904333,11.044011814877118,-0.23244825647183484,10.911828063697191,0.14462388562704054,318.0355289883,0.6241320381713631,0.00675994231097244
12.423649562334399,0.25934407558411193,11.086212477029758,-0.2917312386258066,10.93497299389923,0.08802362414599041,318.0742442634879,0.6289040387120233,0.010278548402513441
12.449316197689829,0.1986322894009382,11.128785031531775,-0.35142891776359253,10.958193096494165,0.031023760631072782,318.11566197644225,0.6285118604743886,0.009675838170332175
12.471179780845254,0.1374303493442893,11.171545348507319,-0.4112625345498473,10.98144608835787,-0.02637486493791328,318.1661223256914,0.6652905942859664,0.016317484858368137
12.49878343152021,0.0706447720217105,11.214599921004803,-0.47132181632599845,11.00492331062974,-0.08550291817324593,318.23207605485845,0.6248182634685089,0.012217150440484407
12.531851757976497,-0.0012803358030985738,11.257730187797721,-0.5313880187558773,11.028540032971566,-0.14571049617795254,318.2723033523006,0.6150656452678029,0.01578814685263753
12.570250124592803,-0.06860889604815339,11.300824455451325,-0.5912509888174929,11.052339286063534,-0.2062401305331975,318.3339451500319,0.6150657697257689,0.013961856785628767
12.613087593676944,-0.13004778535886105,11.343726336333686,-0.6507399297033495,11.076356444240597,-0.2665220902121177,318.3906910001226,0.6180009244419002,0.013277541154480479
12.650148672752906,-0.18562711077595004,11.386741155007956,-0.7102150225910226,11.100538844687877,-0.3261086586087867,318.4595020542971,0.6534346810843478,0.020620155592267216
12.69048173658408,-0.23706638568503088,11.429968400710631,-0.7697603270229009,11.12505702362097,-0.38548979393200256,318.540180659828,0.6199668772773166,0.016605102261644616
12.735924387892808,-0.2834776383024281,11.473213800967098,-0.829237000738099,11.1498387992538,-0.4434054265112664,318.5960343541345,0.6083763229827688,0.014048777849010692
12.776630395886638,-0.32547969817103334,11.516362017191026,-0.8884196007716679,11.17478828881621,-0.49932580437228125,318.66262662629,0.6102818747135703,0.018928119220273293
12.821993965603252,-0.3715247456972883,11.559349530776322,-0.947196874268396,11.199982942991761,-0.553899871014228,318.7396864844131,0.6175855274059947,0.018150019986548877
12.861870838627803,-0.42168023963603063,11.602466916117722,-1.0059500674293358,11.225385989416065,-0.607841779360896,318.82336627859974,0.6464786188438938,0.026476219312786507
12.897362478253445,-0.4746135555388894,11.645870281591815,-1.0647198664834772,11.25108089337385,-0.6621439996443051,318.947235842347,0.6745449839514324,0.03558148130700693
12.93498985498275,-0.5325564292985256,11.689972590731935,-1.1240636648993985,11.277216959974139,-0.7178531589268436,319.0920446576281,0.6745533813600918,0.03321596539748174
12.96884833859339,-0.5967517446575397,11.7345444600471,-1.183872964250814,11.303737789754843,-0.7753616662692137,319.1972242134084,0.6025065541099219,0.02414856935212614
12.997641144522339,-0.6560124124194451,11.778849844088551,-1.2432138226446974,11.330308227455888,-0.8323250717258863,319.2739312668847,0.5966724515073989,0.01983591812123095
13.028921627318661,-0.7190789904950919,11.823025994207809,-1.302163387690893,11.356914765293931,-0.8890755778275674,319.3689152972892,0.6160341071087516,0.02769956007814724
13.0632569954468,-0.7872879315839877,11.867035736521897,-1.360622072145419,11.383693783057794,-0.9466128279328969,319.47381658165256,0.5966831576416667,0.024207687270489983
13.096640947442861,-0.8598146316859789,11.910993733440069,-1.4187230039651373,11.410554767262795,-1.0048557470167467,319.5957050116579,0.6527026833374139,0.036343305642873414
13.126666457852036,-0.9275988189332316,11.955637083838237,-1.4774192726969169,11.437713038447125,-1.0645967045154328,319.72348467764215,0.5950251235769392,0.02901046284402918
13.161571783255962,-0.9955175136845161,11.999322151402641,-1.534501926674142,11.464980569592838,-1.1243585554972695,319.86782519551446,0.6733424650022302,0.04317508945879207
13.191372584568281,-1.0574779581659983,12.044176585505749,-1.592588446384507,11.492649391499048,-1.1853889989971427,320.0598929450435,0.6686101196925333,0.05172803745234633
13.220454768941538,-1.1190924790926464,12.089610109384788,-1.6509506074906213,11.52073398071225,-1.2473473059328202,320.2642311651145,0.6686320439006905,0.0476402819413404
13.255139049621814,-1.1810633921631777,12.135630829715225,-1.7097618861073114,11.549265697338653,-1.3101203311828797,320.4416560392284,0.6302907851528352,0.039080794397217525
13.285956283501976,-1.2491522205246124,12.181632389206646,-1.7684081820737343,11.578011852877749,-1.3732941138536767,320.56231140660935,0.5628688788873216,0.028193977184562968
13.32133605284001,-1.3214253629363288,12.22714280934168,-1.8261124622785805,11.606705123516887,-1.4357146761298827,320.7001097303104,0.6330492740377238,0.04146799257728654
13.358130025627062,-1.3970629117026891,12.272810427655882,-1.8836423469477193,11.63570209766987,-1.4994638697228992,320.8615983510574,0.5830804796346146,0.03429021928177352
13.400522232669344,-1.4716984903379748,12.318120574049383,-1.9404380008668303,11.664825231802771,-1.5631852400090918,320.9991148967463,0.6143638865091948,0.04658561385095814
13.437429061817516,-1.5407420636491023,12.363542263953049,-1.9969176684527754,11.694205107593401,-1.6271163428025124,321.18548395246285,0.6143487396277387,0.042430732763530515
13.478793072382638,-1.614885658724877,12.409092899943582,-2.05311138282003,11.723865191774767,-1.6917445107602045,321.3810778253421,0.635655246900332,0.0555523042949269
13.524777833724281,-1.6831278520249506,12.454999577079416,-2.109286306722298,11.754000598487497,-1.756927796450321,321.5948044611559,0.6442820150014754,0.05095811575164244
13.565455807930817,-1.745847914823947,12.501430087491693,-2.165649587981975,11.784567785771028,-1.8222657520773367,321.80203183554994,0.642521255413919,0.06182949287469704
13.602276800078004,-1.814491153385224,12.548164576564414,-2.2218614866394133,11.815568202204872,-1.8882320881552384,322.03474167389993,0.633636067263082,0.05501331770875649
13.634531893010827,-1.8881223648854657,12.595344425522265,-2.278132290303798,11.846879505246758,-1.955022669537613,322.26855502125596,0.6528735204370804,0.06832964115662321
13.672541982052284,-1.9571931259766486,12.642890047698462,-2.3343021884868915,11.878707869111809,-2.0225360298229944,322.5127574052273,0.6072207478696838,0.058007674535781775
13.705558405204199,-2.027694012984181,12.690597787922647,-2.3900907326610694,11.910736073062205,-2.089779769780594,322.7766962653524,0.6704100074242133,0.07516529838217659
13.74207168449345,-2.1020790102923854,12.739060683183038,-2.446131022210901,11.94338135979041,-2.1585928251891686,323.07044569580364,0.6024592410083127,0.06271539686763847
13.780325609110612,-2.1747904316532614,12.787597341762638,-2.5017889881013473,11.976264060236518,-2.2270804875042813,323.3149631648082,0.6611514787294246,0.07985661889059596
13.81377974267512,-2.252248989792388,12.836717162680095,-2.557404476430927,12.009709788943958,-2.297074212253592,323.63603312652907,0.6101968974795677,0.06725379591496343
13.849404070217922,-2.325148751692196,12.886043647853203,-2.612666694128877,12.043412595596608,-2.366810323314525,323.92658149440035,0.6341591707461629,0.08344098088248736
13.88490315156359,-2.4022174406531414,12.93567888523267,-2.667638628269218,12.077574485824533,-2.437264932922457,324.2443435357579,0.631625904331534,0.07379964131794291
13.915001274154776,-2.4735042384288155,12.985672319588627,-2.7224072521547296,12.11207467509097,-2.507760361062403,324.54388309840834,0.6244327000836319,0.08747941716554063
13.951089936662338,-2.5486011813908696,13.035812425018495,-2.7766269363762035,12.146997546986132,-2.57847838678373,324.8824511806437,0.6226845254625154,0.0780034751422581
13.992458314223718,-2.628014087450881,13.086303836163257,-2.8306045586682513,12.182334695749363,-2.649787574991368,325.2117897706505,0.6372171695110391,0.09449834725264625
14.039522586653145,-2.702547082494471,13.137031610202547,-2.884132934694822,12.218303333780035,-2.7214813344455617,325.55721141974936,0.5996358696065891,0.08161852528904702
14.09105441007721,-2.7810483262313066,13.18788236374185,-2.937063325301479,12.254655326518405,-2.793063815213267,325.91907605939303,0.6591468432739822,0.10220726816010854
14.137262194010837,-2.863483071216311,13.239425097355733,-2.989934979051886,12.291795154141825,-2.86626799445251,326.310141774892,0.5924110539635694,0.08688881208222213
14.189812187274196,-2.9499748281781284,13.290959718467725,-3.0421564614126813,12.329287772972235,-2.9398095669432736,326.66149978985646,0.6521783046240129,0.10808659641245999
14.237378164064685,-3.0373500367524007,13.343104953750755,-3.0941503173226175,12.367563011777957,-3.015098101149802,327.0837298377545,0.5995460936754307,0.09260336862829702
14.291051557255114,-3.1248562095173114,13.395366344865945,-3.1455195318285063,12.406253846402421,-3.09079025667197,327.4786396937067,0.6264297581412532,0.11306394702036711
14.340396680312027,-3.208828469856523,13.44798326823974,-3.196451385609635,12.445590718559696,-3.16712260513577,327.90483619994797,0.6227459511987117,0.10059111416719349
14.384280231668953,-3.284469983800689,13.500921462128712,-3.2469515859681044,12.485426034867132,-3.2431690719635062,328.30488345520155,0.6093403770842662,0.11830151804735486
14.423922483246777,-3.355367244852915,13.554070385538818,-3.29661360963414,12.525699675690612,-3.318190240057343,328.77754010628865,0.6715847256504466,0.14334638806952973
14.458619766262828,-3.4205394595398255,13.608180389391562,-3.3460780845279605,12.566928036567193,-3.393093589978665,329.33883906900843,0.6175329663112898,0.1271358616887091
14.499901250775014,-3.4893202493432005,13.662766621241618,-3.395019983595305,12.608687863283297,-3.4669943886643484,329.8716946768007,0.6475175197933996,0.15007451831481053
14.546332308762212,-3.5620058293520382,13.718060298643914,-3.4436144902926236,12.65136578423352,-3.5409964900517177,330.43547012402723,0.6327828813614549,0.13234335503027425
14.58772840538907,-3.630502302298425,13.77383969431311,-3.4917006441549048,12.694699237332635,-3.614356596670343,330.96565337366116,0.6120590707810176,0.1511249354800185
14.625077927335665,-3.6941529276310208,13.829809146723472,-3.5389218969071115,12.738558068268146,-3.6861850299761603,331.5488258327787,0.619355509523524,0.13529599755846566
14.667729596155466,-3.761788383004241,13.88619791313004,-3.5856256219110794,12.782972656360734,-3.757212422746677,332.0945991530088,0.6133477257289616,0.15704109711076814
14.71649418298782,-3.8342245402248025,13.94303703800984,-3.6313080839838636,12.828045303224357,-3.8278204763856856,332.7500671576831,0.64594214727547,0.18284588227025028
14.760082126440938,-3.90035260957841,14.000706104601495,-3.6764888876959523,12.87412570816881,-3.8981191906367147,333.4430916069721,0.6352805702922388,0.1657946390502966
14.798690239977674,-3.9606006353159833,14.05896857976673,-3.7210489420245256,12.920975195098553,-3.9673350969044394,334.09641837461726,0.6136191156817239,0.18720051146343458
14.843396990426896,-4.015586552736914,14.117662704118818,-3.76451718133272,12.968537163176219,-4.034552495825485,334.8394863664763,0.6715947624096792,0.21626816759623407
14.892399430000705,-4.073223569884389,14.177500522988327,-3.8073790673668584,13.017546749010094,-4.101401935833589,335.685303999214,0.6080022904911566,0.19160683607164605
14.948282606893471,-4.135552531553919,14.237808214311489,-3.849330326444195,13.06730105780843,-4.166989596928728,336.47660362407345,0.6420734776286874,0.2192336779476076
15.008969723562704,-4.191429588307569,14.298864090192628,-3.8905187457250827,13.118317387247593,-4.2315043431136905,337.30176203141775,0.6180907457817413,0.19254897668354923
15.064559191620974,-4.241216275917891,14.360384368374676,-3.9307419561192667,13.170144115955479,-4.29398610870563,338.0721160030525,0.6557670887233422,0.2702940697127528
15.11642634320892,-4.295628772282176,14.42300672459478,-3.9696344600903544,13.223504627428094,-4.355695512444619,339.10480069705443,0.6562553231779562,0.24795727742380916
15.174226445312135,-4.343553111295731,14.486666094758807,-4.007901743914138,13.27834550189795,-4.4160740288460945,340.0770127808949,0.5887563732739993,0.21987444806905926
15.238835384448405,-4.396100637156314,14.550449829908992,-4.044925956285452,13.333779726512569,-4.4743290039435655,340.97910555056524,0.6168713817202771,0.24508965199331706
15.308129056386186,-4.451906244324214,14.614911038641901,-4.080574950059786,13.390291348921007,-4.531544516208433,341.9916201009455,0.6390167289722113,0.27405897377222654
15.372502897742539,-4.511078038652679,14.680181137392134,-4.114837609077636,13.448216282185555,-4.588517598522952,343.06867198603953,0.6211310159356961,0.30464751231242077
15.44353629227125,-4.574132623536808,14.746002432363335,-4.147576853877367,13.507496103225177,-4.645179124722128,344.2511464309209,0.6336189006532513,0.27532275246803284
15.511542270160488,-4.63073369266946,14.81254631844276,-4.179167226538418,13.568110520592437,-4.701247130350011,345.3637783379604,0.6092090898843675,0.30206887283545986
15.575851163583888,-4.683282297922656,14.879487075628994,-4.208890069551435,13.629768157486376,-4.755827654511624,346.5977855936229,0.642995540532306,0.3327745548377146
15.634864725717254,-4.730736692025299,14.947274507392875,-4.2372353163161085,13.69299910828251,-4.809144330813887,347.86379074476497,0.6207121385973371,0.29803970572072896
15.697102187007816,-4.78143559395226,15.01538742312327,-4.264139662631989,13.75732722460999,-4.86125198998433,349.0337840967416,0.5991424437242756,0.32456804138328793
15.75554481614344,-4.836144618836306,15.08368191431286,-4.289088378936419,13.82245932920665,-4.91217658784716,350.325702585184,0.6527204426918061,0.35837187559948536
15.818988351126338,-4.883738288553118,15.15295440792977,-4.312184373628485,13.889386262110655,-4.962244812157851,351.75320329484856,0.628550847007787,0.39106483819294274
15.878564230481647,-4.934307927352226,15.222706887838338,-4.333373469108169,13.95776799060567,-5.011213428093233,353.233790287279,0.6290714966265168,0.35264458236059937
15.93437194691888,-4.984720065492632,15.293114170254626,-4.35292968886028,14.027379345954817,-5.059262430850489,354.66950175216664,0.628278503335608,0.38095139006412004
15.98422419657402,-5.028195918038645,15.363941337805304,-4.370377720616377,14.098212077220753,-5.105681379242094,356.16979809030937,0.6270471396232535,0.4035789837106205
16.031125765574856,-5.075091491991158,15.435148611896244,-4.385963439463694,14.170251853419343,-5.150824750232079,357.7263147052068,0.6280977779567525,0.367416863803126
16.071945107692287,-5.121607891478553,15.506766346603813,-4.399776832875392,14.243275397301796,-5.194882086757984,359.1849739582725,0.6024920317447934,0.3940093916916029
16.1094939707725,-5.171374010264688,15.578171067259403,-4.411350534413046,14.316819932832034,-5.237752058124586,0.7182995002126749,0.6393619712780525,0.4255282290662641
16.15494366986919,-5.218802694489226,15.650115953181983,-4.420479302951844,14.391726031960198,-5.2797910130296755,2.436264238674235,0.6393245601950619,0.4580772079207569
16.204451364271314,-5.263436107903876,15.722334040203624,-4.4273785907787,14.468082219194024,-5.320623734596781,4.18166617313805,0.5988204058776678,0.4098043926573491
16.255498589208766,-5.299730190534987,15.794512965892892,-4.432347907637149,14.544869667060356,-5.359120180444843,5.847196306834237,0.6429009547785369,0.43846119366932484
16.31006790805015,-5.337285241878234,15.8670511418327,-4.4349581907182545,14.623064105319298,-5.396137870565098,7.568818562187576,0.6168126545267727,0.4611807408254478
16.370589628488627,-5.365234112962052,15.940090520289562,-4.4353750204852105,14.702176923409857,-5.430407258238573,9.315650708541487,0.6217767530569649,0.4134244845457659
16.426461320619953,-5.386125968761448,16.011723807296658,-4.433856085541739,14.782068526925746,-5.461755311629121,10.974925197760635,0.6118876798588224,0.43746710644719633
16.48529780548893,-5.409967121329075,16.08358255636769,-4.42997924014397,14.862560730084606,-5.490514581861798,12.680362765859444,0.6163076418455206,0.46202310991699785
16.540278197909224,-5.436531085701497,16.15524668862065,-4.423545470329514,14.943714839496188,-5.517146666534475,14.542509948068762,0.660003939629485,0.49224227684192884
16.588399018215192,-5.45577867734148,16.227193514958024,-4.414691288991916,15.026448922158496,-5.541471562897763,16.4387904533699,0.598490764805633,0.4372400891280772
16.63245285533119,-5.46768650012843,16.298628910712708,-4.403973650613854,15.109094884653974,-5.5625252408998485,18.148627093993834,0.6466006025734636,0.46038917512303246
16.681548382591362,-5.472469752379758,16.36990102479018,-4.390754039678563,15.192819811048263,-5.580320381841212,19.98476092487983,0.6285357035882637,0.47638681503952207
16.733907000235906,-5.469854911403096,16.441275196746098,-4.375144302597575,15.277175862636819,-5.594162993436054,21.817409358484433,0.6030950864094645,0.42416952726523693
16.781984709456474,-5.45985732199319,16.51072361320495,-4.358038653159244,15.361347094695642,-5.603729782853099,23.535950799520418,0.6371346761986543,0.44375403883729786
16.833215630921572,-5.4532440978921315,16.58043639715312,-4.338507738061612,15.446174231814146,-5.609939209455258,25.26976656275527,0.6200123111451126,0.4579908255813889
16.87963124469912,-5.439319939745625,16.6493633307168,-4.3168932676044145,15.531137250579837,-5.612195960668192,27.03345369720024,0.6333586121362484,0.40862342046124894
16.93092196615776,-5.4231646046089175,16.71794567651112,-4.293489664815071,15.616482915041038,-5.610955589025609,28.671879679475737,0.6151739218303909,0.42287444157991705
16.975355064854572,-5.400797575376696,16.785491551750436,-4.268134450067975,15.701645753862012,-5.605772010999728,30.3184079674158,0.641143328008706,0.43808188407839865
17.0250216166474,-5.370831562404408,16.852587367906622,-4.240852804646985,15.78729043483427,-5.596355877478918,31.987734045901227,0.6249999725422526,0.38824373999052836
17.067676620064976,-5.334641190278695,16.918992995728168,-4.2119875821224815,15.872815196826808,-5.582637285355663,33.504893126325754,0.6143847563192089,0.400756258740694
17.10551506202563,-5.301705758337377,16.984428164486122,-4.181495338935762,15.95787061012162,-5.565240127514258,35.031431180282624,0.626681285060996,0.3532014633963509
17.137969827824524,-5.2664319292279265,17.049292826453208,-4.149562945397758,16.042647692473412,-5.544556009891912,36.43786231481972,0.6092720260059742,0.36563263001217927
17.16687341904352,-5.225363897688358,17.112931670787876,-4.116150769317772,16.12664032607192,-5.520246349068698,37.85185847758562,0.6484399605869489,0.38049047760700194
17.200761548569382,-5.177009410889821,17.17606293833128,-4.081081056269222,16.21087378970796,-5.49198096146678,39.29289583392985,0.6212009139634203,0.3365934973462922
17.23795987879723,-5.1325929153188765,17.238403083893036,-4.044765117953558,16.29460061907644,-5.460640255710178,40.605335627967214,0.6304237709215275,0.3434815504710054
17.280089372557335,-5.087282562539719,17.30003224602337,-4.007073495988402,16.378078142245705,-5.4264110620428845,41.89823063079988,0.6316270935555293,0.30700392280720085
17.327205927301,-5.045121087412858,17.36105918075193,-3.9681111357786643,16.461341634707505,-5.390026726368906,43.11453742635587,0.6133146305976833,0.3169326607412
17.377673884546205,-5.007292430244106,17.420926445135077,-3.9279357556570877,16.543925050026445,-5.352061115162465,44.351540259843,0.6626413183535137,0.3309415099308196
17.42605734069202,-4.962507502667496,17.48042477419461,-3.8862353278750303,16.627037201065633,-5.311907509715198,45.60406278795754,0.6232847633461684,0.2911325306864631
17.467906945792407,-4.919587221709415,17.539110872196556,-3.843508656863873,16.709532019955464,-5.2701450032887,46.748680369571595,0.635702236478052,0.3005367962452676
17.51472723936845,-4.88005789737322,17.597110914912268,-3.7995476098581644,16.791751945124695,-5.227189621919243,47.894358122579156,0.6356468430230804,0.2630944247383502
17.55631007320545,-4.836404115533412,17.654555638325,-3.754559161636736,16.87361913287064,-5.1829278453614265,48.94560864562696,0.6213830030283971,0.26970672039223587
17.591493780182386,-4.78786366111847,17.711039891476126,-3.708759966994008,16.954676035113504,-5.137022266554745,49.97198879962412,0.6216161681698739,0.23561417293521442
17.631959996449492,-4.741766753644747,17.766984886130384,-3.6620551359833553,17.035001195628322,-5.090027461211604,50.92172542195368,0.6303186023737231,0.2435140066378874
17.665599276517494,-4.690836233865508,17.822090751593922,-3.614551637874173,17.11473574410009,-5.041527971398228,51.86130061907508,0.5973778933430874,0.21058112588686104
17.703872113403417,-4.633474893167106,17.876948699714735,-3.5660614778471578,17.19311998820684,-4.991331801871218,52.691131717536265,0.6506988573937094,0.22195046790374004
17.74671880430078,-4.570026380408042,17.930213363493774,-3.5177226650945146,17.271559770473537,-4.938770246860584,53.518820906599856,0.5860604615236736,0.1892932492022357
17.78287605413762,-4.501828292169233,17.982982348043233,-3.4686885161399355,17.348366435858793,-4.8840403414944875,54.257327840948875,0.6537103185336413,0.2024455430323165
17.813895285204726,-4.427591229544302,18.035320721963,-3.418847400524816,17.42521503321444,-4.826417029990191,55.01455708151292,0.5977117314821754,0.17388406348055513
17.838303284031003,-4.348668824523215,18.086775082183337,-3.3687925360356488,17.500632860866652,-4.766127377018574,55.693471297431415,0.6396500234562821,0.1853180156717383
17.86728204960111,-4.265540455243565,18.137770209021628,-3.3179321208936443,17.575733797290447,-4.7027659963219275,56.39848823976291,0.6222586229065188,0.16186270932295438
17.901500587753272,-4.189626691565105,18.18829929492241,-3.2665264643385594,17.650140219093643,-4.637507349220245,57.04996326899952,0.6299381762566907,0.17024147187829847
17.939442652335917,-4.1189876901116955,18.238330649794403,-3.2145269588901195,17.7240701133825,-4.570956013420118,57.69144379745843,0.6352410725536974,0.14998098447196323
17.982715049455926,-4.041635051397709,18.28810034903184,-3.1618253737069706,17.79771943164637,-4.502651624017554,58.29071172524911,0.6295714925173099,0.15603804907043398
18.025740132602245,-3.9595687328605638,18.337274929601854,-3.1087548990815637,17.87091922139322,-4.432321206279052,58.87499711324556,0.6163232111719419,0.13615781759783274
18.07354157917253,-3.8714711394891133,18.386062744305974,-3.0551970153557435,17.94341793475687,-4.359757292252486,59.41321922536361,0.6477810480563189,0.14464102597289674
18.126405939833553,-3.782252750988839,18.4344600947125,-3.001142937359224,18.01602849247774,-4.284820695377549,59.94575726035022,0.6028176063242983,0.12394111717334029
18.181651258052312,-3.7003850632543074,18.482228028207647,-2.946944409892782,18.08768340663619,-4.208837978554187,60.42899951682861,0.670053287791079,0.13514903786685523
18.233014555685543,-3.6145975940355988,18.529795064770454,-2.8920753524448317,18.159978535809216,-4.1310119913913494,60.93351382739228,0.599243117259407,0.11390958576824638
18.278154035287937,-3.525254918509332,18.576723606735204,-2.837172689212967,18.231110000242396,-4.0517888916332225,61.37674124375295,0.6193699574468369,0.11970470539591446
18.318110039545587,-3.4354839796374574,18.623727302579606,-2.78133172979346,18.301552791104857,-3.9710880263818704,61.82573314311937,0.619513440836154,0.10647349270540393
18.353122989413347,-3.344930332775835,18.669387163126054,-2.72628547942912,18.371297401485933,-3.889032159893573,62.26887398175318,0.6549503586939831,0.11483627963309559
18.391834586376717,-3.2549865166843457,18.715380170851002,-2.669889002251729,18.441218176807674,-3.8054963986672616,62.71282285315618,0.643746895757805,0.11726846750498024
18.426556311951806,-3.1733269665074695,18.76123866637542,-2.612832588464535,18.510949849126494,-3.7214924388181667,63.1606524866796,0.6439513714911038,0.1047102205180705
18.464396819263232,-3.0942045874168596,18.806849410909813,-2.5553929898384378,18.580520352433503,-3.6373609279953625,63.56746194301907,0.6412576813015685,0.09102618884964014
18.507450788554895,-3.014751299295447,18.8524317032949,-2.4974566728444425,18.649916091527857,-3.5531669203829295,63.91381714968498,0.5867706392463633,0.07396904083432773
18.54604138899745,-2.9393893688872557,18.897454912116643,-2.4397162646766493,18.71783122656053,-3.4698422849692006,64.21883233688102,0.6243022331590331,0.07974054100073663
18.588080957491975,-2.8601782597222343,18.94213494511287,-2.3818065757153204,18.78525096046322,-3.386583826304137,64.52229185839535,0.6181239806908962,0.06928873585081051
18.626032294859936,-2.78484498844134,18.98648237471434,-2.3237855490809904,18.85201848794596,-3.30385228477259,64.80783703965652,0.6186569174643307,0.07404926162660183
18.658375717020096,-2.7056051719449505,19.03039171992609,-2.2657627981746105,18.918101251346854,-3.2211992908291625,65.09364398671559,0.6252310188490589,0.06575907802294727
18.68575514256326,-2.6281386750505495,19.074171214940364,-2.207392882296926,18.983635795324826,-3.1387610165039224,65.36074662800415,0.641201607940168,0.07143337937951524
18.70850404927597,-2.552655310556021,19.117682921356312,-2.1488468182270126,19.04893943131087,-3.0565401653402593,65.62601420035955,0.6221987158991056,0.06158516637165367
18.73501962635777,-2.4729779667003697,19.161005398381242,-2.090034363728782,19.113607138403864,-2.974334510392783,65.88043678360586,0.6770579090745595,0.06996896596004688
18.793973130158303,-2.326244970200875,19.20483590605233,-2.0300023585402553,19.17922771702816,-2.8852158111723862,66.15307996450218,0.6085237566565189,0.05677402991042195
18.825534428064564,-2.25010077802601,19.24827061198747,-1.9700754544941377,19.24388123777222,-2.797274406322635,66.37706649991453,0.6182601206405244,0.06047379043313679
18.825534428064564,-2.25010077802601,19.290574352372317,-1.9112093749092705,19.312400420742357,-2.766746336957546,66.58682887665427,0.6073808487319363,0.051613859563374026
18.892281775235585,-2.0827021630479363,19.332875711724608,-1.8520470824429107,19.375431063120406,-2.668630851535758,66.80212676264712,0.6073782977874098,0.045862200992212866
18.892281775235585,-2.0827021630479363,19.37483871940111,-1.7929841868602239,19.442813338813213,-2.6380541166582407,66.96587495633712,0.6036421045612281,0.048706108953543534
18.94779132050892,-1.9262431070242694,19.416410527783352,-1.7340841580521407,19.503948082923916,-2.532632094004936,67.16736262625413,0.6036468513426398,0.04306937334748637
18.982628575370164,-1.8547974411918073,19.457574214220834,-1.6754001647745114,19.564257936455455,-2.432773491761552,67.34976033016076,0.62399845066363,0.04860520991421573
18.982628575370164,-1.8547974411918073,19.49864820688597,-1.6164363012132879,19.630395333424868,-2.40197474214233,67.51596001013755,0.6245049814089734,0.042874608896353604
19.057060564636647,-1.716225019233976,19.53993689825546,-1.55688000816838,19.69005777276716,-2.2971236734028184,67.69395684755384,0.6244884016751762,0.03827275512200852
19.057060564636647,-1.716225019233976,19.58033684096447,-1.498295507355724,19.75609690860536,-2.2659181715958936,67.82695410002724,0.6138098243872014,0.04044981873208214
19.130373959860037,-1.5571298711239867,19.620887997193535,-1.439056950887572,19.81489108309755,-2.1551869518914804,68.020864531492,0.6900106779262944,0.04927223811608519
19.162291350934293,-1.4789276561933218,19.662059694475126,-1.3784567145793785,19.87483509978977,-2.0502154851597716,68.2171821789169,0.6140527185099038,0.03925648625496854
19.162291350934293,-1.4789276561933218,19.702594395969797,-1.3184680230797656,19.94162925725352,-2.0179096906690805,68.35890921870009,0.6825783005202757,0.046286165241388844
19.24131590700749,-1.3088267530020703,19.743676548310447,-1.257258707975417,20.00188664353954,-1.9054316515734409,68.56491412495348,0.6826189054330047,0.04066426442752226
19.24131590700749,-1.3088267530020703,19.78520302847969,-1.1951729248756628,20.070971548633192,-1.8714918583956237,68.68700392826443,0.5800280176493211,0.02814366464505764
19.333984414389864,-1.12295923624937,19.82685883618133,-1.1327705542727533,20.13068920595986,-1.7516158169868263,68.77837591808118,0.5800053577431552,0.02288323455154781
19.383822472940366,-1.036667700527737,19.86743899145194,-1.0717924089692121,20.189128865224873,-1.6396727708787469,68.87525189802798,0.5852293929381772,0.02537939151254777
19.383822472940366,-1.036667700527737,19.90714602359484,-1.0118103394527038,20.254747376062,-1.606969044063641,68.97856041331723,0.6781175817410839,0.03559409448409405
19.4877629636768,-0.879649876950022,19.94709600548762,-0.9510706262578559,20.313137688144796,-1.4905496648600787,69.15711321693723,0.6781311899621385,0.03285321027316432
19.4877629636768,-0.879649876950022,19.987523077975293,-0.8893764787846423,20.380979121437495,-1.4563278360983405,69.26684883443328,0.5908850927359119,0.022920622895497265
19.592433478894062,-0.7205003306239406,20.02829338119292,-0.8269850609121986,20.439265446160388,-1.336464643316676,69.36568081764128,0.651750707463658,0.027432143623443254
19.637159553309324,-0.6386103478690244,20.06823105483882,-0.7656334471350448,20.49787411947065,-1.2245312801167942,69.4679478009644,0.5792709487830798,0.01872011967301803
19.637159553309324,-0.6386103478690244,20.108353113649088,-0.7038411749192577,20.5640367918372,-1.1907234651487493,69.53384714187965,0.661864518091684,0.026434574094331875
19.738511802333345,-0.47133696889835763,20.148260205233104,-0.6421293579362776,20.621967461172616,-1.0738019587565486,69.64982050299669,0.6160809935193576,0.019991748682023164
19.738511802333345,-0.47133696889835763,20.1881282778651,-0.5803022709738582,20.68853446698689,-1.0395031580448533,69.7277013841399,0.6598023899017981,0.025044031365997935
19.85697689414503,-0.2923778705805098,20.22802044124534,-0.5181782161283055,20.746726193492552,-0.9168999658915058,69.84477606615143,0.6598191663760267,0.021711119850789263
19.92371707722838,-0.19462874527782664,20.268105197366715,-0.45564131942925307,20.80561045301348,-0.8008390044392324,69.91309948800236,0.57127634144623,0.012642975022860124
19.92371707722838,-0.19462874527782664,20.307932431190117,-0.3934254047359986,20.87204975673705,-0.7662235638850633,69.9483044339591,0.6547085384192926,0.018594555830071222
20.043977693685815,-0.022075814319670126,20.347874149935482,-0.3308100939514246,20.93004838107923,-0.645385738810965,70.05227090293404,0.6547115784244489,0.016691874779355905
20.043977693685815,-0.022075814319670126,20.387275031551802,-0.26888168657623884,20.997561126765365,-0.6099841654624846,70.11645758000243,0.653901635440463,0.01786010984073358
20.175173077977664,0.15004825530829993,20.427145152104302,-0.206051782244128,21.056585563995068,-0.4846776850254829,70.1885836139329,0.6370362690696105,0.013662872465035945
20.237534318489427,0.2387346495364945,20.46742225047976,-0.14253158246429878,21.115695452927138,-0.36773001104415914,70.23067737406609,0.5618743524559048,0.006150915865260544
20.237534318489427,0.2387346495364945,20.506560361977865,-0.08076431231355133,21.182104114651768,-0.3326467969348754,70.25083848966632,0.6501400934517053,0.012392158445342557
20.356301401891358,0.41678451742422534,20.546220976430046,-0.018012388698183775,21.23999597380739,-0.21067588476839635,70.32934558658339,0.6501403077383271,0.0112290890344885
20.356301401891358,0.41678451742422534,20.585332350054507,0.04398392299946623,21.30728257437741,-0.17497017268809215,70.3740633660462,0.651600397370358,0.011776741967606225
20.49504623394785,0.5963515189228025,20.62533549729294,0.10749789967681717,21.36615191927425,-0.04792175851280461,70.42421226394826,0.6516054159562019,0.009552762438630517
20.56904248791416,0.6891499999847394,20.66467445246393,0.16999109077933694,21.425564731343243,0.07109157846153857,70.45180160299513,0.5582596237071143,0.0014336625846235497
20.56904248791416,0.6891499999847394,20.70418937563973,0.23274792668083558,21.491974057324043,0.10650477489531866,70.44936381267112,0.6434177220325028,0.0067727798740395
20.7163034753131,0.8737877139839879,20.74343676994897,0.2951815892634654,21.550227375179706,0.2309114432339783,70.50006347570819,0.6434169049459031,0.006015998266512293
20.7163034753131,0.8737877139839879,20.782864478783388,0.3579312717073784,21.61723091985827,0.2667358920724835,70.51661007373582,0.5684775205117103,0.0007447980573952809
20.841951941589443,1.0649427510828564,20.82187488801084,0.4199659618859311,21.67439244360767,0.39636748874521405,70.49405695836606,0.5546879663824227,-0.0012778890737323648
20.898534992629585,1.1513395333266385,20.86055870383622,0.4814187069664706,21.729952629309068,0.5157205060173305,70.47484037535503,0.5008758230443,-0.00551583054909029
20.898534992629585,1.1513395333266385,20.89748382787881,0.5400237542675945,21.79125383772544,0.5484972328271013,70.46126948184902,0.532679055753203,-0.002224097783432421
21.0040750755732,1.3047613112708072,20.934161763389664,0.5982227987526321,21.84223633213189,0.6682356194584664,70.44493926112933,0.4882425378557158,-0.004975166622416087
21.0040750755732,1.3047613112708072,20.969106069009612,0.6536370590873186,21.89904081262633,0.6985896333774588,70.43774061414939,0.5159364121852751,-0.0022598288124343405
21.09591045591131,1.4403435050103928,21.003430673698873,0.7080793029016741,21.945333526850362,0.8162021925822166,70.43902511604145,0.5159525144517733,-0.001986181901068397
21.141419505748747,1.513216366756359,21.03739324071664,0.7619372806183208,21.98986448720817,0.9235670760255654,70.42895222804952,0.49555963753190746,-0.0028835219076387836
21.141419505748747,1.513216366756359,21.06968524867347,0.8131152182134163,22.040899732155463,0.9508363580947491,70.41454563473717,0.4684132512576045,-0.004736653967026279
21.234867989423122,1.639259336897194,21.101653401037073,0.863737757678959,22.080778106372183,1.0571403293675896,70.39759549494401,0.46842685469924883,-0.0046090462019291525
21.234867989423122,1.639259336897194,21.13185884325231,0.9115474224681703,22.126838378595107,1.0817333247375154,70.38857390898838,0.4674400493688278,-0.003963614758648683
21.30420988505264,1.7581852049114666,21.161533580053337,0.9585056964754866,22.161925688763105,1.1860253060085313,70.38085313264916,0.4674667875004008,-0.003791992671921575
21.339941548259485,1.818025716195727,21.190541945472745,1.0043970520196308,22.194919044299763,1.2802778981416203,70.37485882365941,0.46522969130169595,-0.0033701639401153144
21.339941548259485,1.818025716195727,21.21830766056737,1.0483134484085501,22.234560879084636,1.301435261911484,70.36934815965382,0.46363528297157197,-0.0031915279316198364
21.404683290433212,1.9191734867839667,21.245575366857302,1.0914320272504732,22.263552464192237,1.39408929272367,70.36308635371037,0.4636466217891975,-0.003151905436392287
21.404683290433212,1.9191734867839667,21.2722979596868,1.1336728050927911,22.299457910690773,1.413248230508948,70.35152212607,0.44319820395611637,-0.004247238527187246
21.4567659935869,2.0157938549377437,21.298243987951828,1.1746633734339338,22.324412686231977,1.5036740181113277,70.3391873587114,0.4432112730227657,-0.004219537436076885
21.484487088223315,2.0550133117895286,21.323553540970643,1.2146264017688513,22.347410883128575,1.5837168207776604,70.32304569611694,0.42286064214961305,-0.005311801369856102
21.484487088223315,2.0550133117895286,21.348135180975277,1.2534262682143895,22.376845859276045,1.5994161673130476,70.32097182953976,0.45621724049743684,-0.0024614401235532463
21.54294044173559,2.1356432911698273,21.372315146331704,1.291604687942483,22.39619033307082,1.6776115877513122,70.32623544387785,0.45625539502803936,-0.0024397327860164256
21.54294044173559,2.1356432911698273,21.396280068937017,1.329432937289065,22.422866617609753,1.6918394981155356,70.31318695221267,0.43157155837625844,-0.00395783871165329
21.61053462327294,2.1942681107209907,21.419669743968267,1.3663226447510308,22.439330866239143,1.7656972153259984,70.28929442678432,0.40462605477766894,-0.0058460412790555735
21.650909006640617,2.2248817738785727,21.44248625395291,1.4022783751270407,22.45377645155131,1.8305366435812702,70.2730284820629,0.39937790214669566,-0.006070832406423206
21.650909006640617,2.2248817738785727,21.464636700936385,1.437168705873085,22.474127798004957,1.8413870203103933,70.2669191514431,0.40971104128945146,-0.005126967583624763
21.734664675986046,2.290380320998849,21.48652004072565,1.471619689796056,22.484991267560368,1.9045230259972372,70.2451066824669,0.3741105628963497,-0.0077667174727961905
21.734664675986046,2.290380320998849,21.507390244844352,1.5044519956279225,22.5009321180132,1.913018869703222,70.2382765993919,0.4058270539294178,-0.005128791424704494
21.806411477241948,2.3469417595160404,21.528205690998156,1.5371907447038717,22.508083002754713,1.9734283871437472,70.22355991528853,0.3821740463268374,-0.006900377407912307
21.843578220313177,2.375581717834248,21.548365580170014,1.5688730966279634,22.51347073678503,2.0266339961395166,70.20481122478043,0.370972580470088,-0.0076361414774031855
21.843578220313177,2.375581717834248,21.56782269161259,1.599433472796732,22.523461966202266,2.0319576384875853,70.19847705246642,0.39088407215131227,-0.006003931019812253
21.909062003877455,2.4403091978379265,21.587150564812347,1.62978657670112,22.525586250139312,2.08542983239177,70.19221811661954,0.39094340666280775,-0.006144685838004066
21.909062003877455,2.4403091978379265,21.606323168900936,1.6598788417733532,22.532468267301763,2.0890964717306377,70.17313435094638,0.3614376832870467,-0.008155155592782667
21.971170210174353,2.5050428669724045,21.624998360809812,1.6891633624806544,22.531600414871328,2.14286624584874,70.1514719047069,0.361458360868343,-0.008211735273961962
21.99892956597283,2.538666347820802,21.643196928257765,1.7176740688746819,22.529113294363796,2.190955888762218,70.12511694409099,0.3269244106446907,-0.010748101482120409
21.99892956597283,2.538666347820802,21.660789135909667,1.745208790742266,22.529434036846823,2.1911267632406277,70.11316317903056,0.3565761362640341,-0.00849949884768568
22.0577887727285,2.603284290651674,21.67810633811319,1.772304857757952,22.523294328638944,2.2404774286188416,70.10268675971496,0.35006536533971055,-0.009145328540438064
22.0577887727285,2.603284290651674,21.69474989712338,1.7983265802889765,22.520105584597392,2.2387784752768725,70.08127392164036,0.32035909046031397,-0.011452351251286158
22.10531039556032,2.6550428992449677,21.711059311466155,1.8237968245344935,22.510491434942324,2.2877725958096216,70.05479454882142,0.3203971558542285,-0.011584374390727112
22.127771077423418,2.6801643734958236,21.7269458522535,1.8485881378747644,22.499056667043174,2.3305005174059263,70.04293101749806,0.3292032232833909,-0.010867449977631866
22.127771077423418,2.6801643734958236,21.742190126478796,1.8723635501184976,22.489559823123635,2.3254384511564488,70.02738495716757,0.32131503310245,-0.011708039249784669
22.157073520792512,2.7139366508893463,21.75738450188727,1.896041718184523,22.474962671546535,2.367256985439087,70.00800946898121,0.32136026964627373,-0.011880230206793449
22.157073520792512,2.7139366508893463,21.7718806616987,1.9186153732444515,22.46182938955815,2.3602529267187777,69.99105404667434,0.313231281880359,-0.012455982875844873
22.194655739321018,2.756217073532426,21.78637419745929,1.9411664098287524,22.444349796809867,2.402319240145996,69.97181771935215,0.3125880038003883,-0.01267026697209793
22.210416978030572,2.779038926472114,21.800428933645307,1.9630219107015388,22.425506135179962,2.4389628365322213,69.96332035540954,0.3313226552716029,-0.011348236959781613
22.210416978030572,2.779038926472114,21.814177418435495,1.9843869950642183,22.407652797663662,2.4294318982375462,69.94000766137715,0.29373211520224873,-0.014470189836000902
22.23616250479228,2.828504726593176,21.827859330308343,2.0056223487265163,22.386343020512538,2.46858018641546,69.91166005736234,0.2937668071899072,-0.014617919795956322
22.23616250479228,2.828504726593176,21.840817208176077,2.0257171888983634,22.36472955941191,2.457029443784931,69.90076267107429,0.3084013882887793,-0.013617304511531689
22.260940473619257,2.855538782220478,21.853790025869177,2.0458189586751354,22.340951149369094,2.495642408903912,69.87443081033469,0.2834482231834343,-0.01595897788644436
22.28047174331065,2.8642599507597057,21.86616231449304,2.0649742229142727,22.315791382725845,2.527473393571135,69.86445996277861,0.31647125101487783,-0.013458690324040345
22.28047174331065,2.8642599507597057,21.87847003005401,2.0840177877819697,22.289999855902046,2.513666198007745,69.84428788936061,0.28545107073601117,-0.016267276888767224
22.331256600187583,2.8660526990912922,21.890666952079847,2.1028696770791706,22.263313411692295,2.5435522654259697,69.81999162502568,0.2854942383436969,-0.01646620109825893
22.331256600187583,2.8660526990912922,21.902323672470896,2.12087277882871,22.23442451703389,2.5280612688983157,69.80887013226942,0.29723062956656043,-0.015704559303361926
22.367703806384583,2.875958886620222,21.91409976553502,2.139048581595631,22.20606387010678,2.5570631956930256,69.79247031163769,0.2973380454272433,-0.01621231057554455
22.38814210549383,2.887832065655358,21.9257256385145,2.1569792877818807,22.177148122099382,2.581424431564105,69.77149638220492,0.291506511912313,-0.01665112898544041
22.38814210549383,2.887832065655358,21.936980173978274,2.174319520230132,22.144954549181733,2.564120085183619,69.74323651342593,0.26052431910173224,-0.019300065831356197
22.423285930800795,2.9032624225652106,21.947984186360337,2.1912501118482757,22.114193492735332,2.589264139082296,69.71467494992348,0.26061979882744835,-0.019766913923913054
22.423285930800795,2.9032624225652106,21.95850992429425,2.2074287006864837,22.078657182785708,2.5701168447801455,69.70258882216521,0.2760773045244219,-0.018954634165679884
22.47730206200528,2.899968433311157,21.96890433538561,2.223390588446171,22.046364750525246,2.5936659632762935,69.67430964480603,0.25102933679393236,-0.021454633300844878
22.511202975805613,2.9018369601489096,21.97872320911943,2.238455851996399,22.013112943471242,2.611829302901305,69.66606793355439,0.2856949274757864,-0.01891758513593214
22.511202975805613,2.9018369601489096,21.988561212536617,2.2535401093962704,21.974017683236873,2.5906896660377328,69.64648701886114,0.24876175849203586,-0.02236675208580037
22.570376577387247,2.9162652807218894,21.9982235162843,2.2683371854145804,21.939832148037155,2.6109090252513267,69.61308882862814,0.2488009798552414,-0.02256712869775257
22.570376577387247,2.9162652807218894,22.00725273417006,2.2821499055295917,21.897787418153893,2.5880992649728705,69.59635713661943,0.2512176823900425,-0.022628052579248714
22.60788667780931,2.938418507586813,22.016250724220267,2.2959023537242143,21.862081941552173,2.6109172730388095,69.5765057505156,0.2513791428825778,-0.02346504829306975
22.628680763704843,2.9501850513729364,22.024753903682637,2.308886740444585,21.825769926985135,2.629668744831365,69.5618876989162,0.2577411084801726,-0.023173464782234254
22.628680763704843,2.9501850513729364,22.033298188699888,2.3219248316706365,21.78030568391716,2.6048851838255143,69.54799252586385,0.26198418989899863,-0.02325091068175253
22.665832993700295,2.988231666013411,22.041782761289955,2.3348620794316393,21.74345325140732,2.6292608298526843,69.52858348707564,0.2620563922461854,-0.023632241839373277
22.665832993700295,2.988231666013411,22.050082747270153,2.3475070206786097,21.696445837361438,2.603538164756371,69.50525485626478,0.24530184861273652,-0.025088636077529577
22.707337515315622,3.0377158869104304,22.05815895241035,2.3597974585212023,21.65907201409442,2.634293226681144,69.48092816374258,0.24539897643215058,-0.025607592594700523
22.720312767939927,3.0592181943743624,22.066052590864576,2.3717976343900173,21.621219593258736,2.66077280271793,69.45845346412922,0.2374393084983406,-0.026647168906940938
22.720312767939927,3.0592181943743624,22.073628951404324,2.383305001615393,21.57105965374945,2.6331673953399943,69.44842364257352,0.25769406450399224,-0.025635612741986447
22.740505652364927,3.1061218243295614,22.081289388143702,2.3949319684462766,21.532652762754545,2.666050306488232,69.43284606756679,0.2578087650703641,-0.026257540990514874
22.740505652364927,3.1061218243295614,22.08875581846445,2.406256405424273,21.481394141407197,2.637712549800239,69.41398328121292,0.25173505629040804,-0.026805248106514537
22.761065843736493,3.1343401381463853,22.096258729299024,2.417626142343309,21.442959519703347,2.674124956664664,69.39238762895835,0.2518154691582858,-0.0272453740130153
22.77718669421416,3.1416639864218445,22.10364405319468,2.4288076893479364,21.404489310293158,2.7037318620971162,69.37035091545593,0.24508702704772822,-0.028102187939839332
22.77718669421416,3.1416639864218445,22.110861659640708,2.439723135097046,21.35133157974915,2.6741621820418087,69.3401081776016,0.2116932592842795,-0.03123100792685532
22.793920054712732,3.1394906324339438,22.11751235416751,2.449766232603389,21.311920004933672,2.703986412041935,69.31058873800596,0.21180901278566566,-0.03187253014632163
22.793920054712732,3.1394906324339438,22.12368040683984,2.4590686272509883,21.256117520867654,2.672762096938272,69.2994215236237,0.22374677138860022,-0.03163779354983011
22.799329238463894,3.1141823946871847,22.129589512213308,2.467974315398204,21.21554970048683,2.699636622037903,69.29951534068266,0.25863107246826167,-0.02971118327010809
22.807504389741307,3.0940962679422785,22.135540247836037,2.476939366246165,21.17536777158266,2.7181242678367656,69.27420974428061,0.22992204756686108,-0.03219867972386345
22.807504389741307,3.0940962679422785,22.141226532464543,2.485499992856461,21.11783229831041,2.6856844181542967,69.26193485476449,0.24362870132005177,-0.031033176010088773
