-0.16131581134767164,-1.5010684260800948,1.053267095298117,1.490656862204595,-0.010010227150398926,0.8582961512754145,1.0018372001870153,0.9600000000000004
-0.16131581134767164,-1.5010684260800948,1.053267095298117,1.490656862204595,-0.010010227150398926,0.8582961512754145,1.0018375284825154,0.960000594009478
-0.19036664883365417,-1.5011809735711157,0.960626612851195,1.501509580257031,0.00045907116012855465,0.7332897283031525,1.0023066515534544,0.9600017597358476
-0.25622918473887546,-1.50303477428638,0.9884759115212544,1.5024266327765061,0.0012589774101419982,0.6883686604149697,1.0008048320818632,0.9600000000000017
-0.25622918473887546,-1.50303477428638,1.0211479519076179,1.5026542680169708,0.0010365749376222422,0.6631390556204242,1.0003899794136841,0.9599999999999996
-0.2881004036872557,-1.5052870293211609,0.9805127516957334,1.510240441840803,0.005032377287942674,0.689936436352981,1.0015371667966495,0.960000571310472
-0.3163363660365967,-1.507951056666885,0.9658642700153078,1.5196505059773577,0.01470161476452353,0.689936436352981,1.001318960317077,0.9600053655200006
-0.3528848131780766,-1.5123294106386225,0.9952568498557716,1.5393474043524833,0.02834369198957498,0.8227774639869208,1.001185771348628,0.9599914135066291
-0.3573924502779548,-1.5128076432890296,0.8862046337359102,1.5523437314631647,0.04350849652167654,0.8882621788845994,1.0010912803723864,0.9599370765946781
-0.3494228037939649,-1.5117997985862122,0.8700459407010744,1.5646748321975772,0.05674967588438218,0.9916171872530798,1.0027457108003242,0.9599692191545084
-0.3282384150779804,-1.5090402541242804,0.857504915169191,1.5657674194560263,0.059716370246058054,0.8470484978697724,1.000170839057706,0.959945506276271
-0.2943769856082036,-1.50395805502107,0.9492980193445764,1.5599070476403438,0.05143326679861901,0.7117904399718086,1.0002178149132437,0.9599827226574171
-0.2489707425509435,-1.4956413332368281,0.9466427596966293,1.5344519889145984,0.03141794469452641,0.6052270362757641,1.00001703110614,0.9600587567091019
-0.194274763778096,-1.4831763691464617,1.0493133102557284,1.4954010142214296,-0.00022906242272233146,0.4937258073577805,1.0000000062379502,0.9602526896575854
-0.1321614970630789,-1.4655539210258548,1.0562115463350958,1.439726229971829,-0.04237398449446947,0.37799264385881015,1.0000000006975376,0.9603545711356516
-0.06422660266829484,-1.441727441891048,1.1649360869636087,1.36239846034252,-0.09383266697510775,0.3235085239016716,1.000000000076492,0.9604967571968555
0.007675287192094278,-1.4108779431793836,1.17355263534012,1.2771394481736151,-0.15367718496617863,0.25622763354332867,0.8364507934271961,0.9606384151709828
0.08180415693439141,-1.3723828461966256,1.277085301773441,1.159455923350957,-0.220674879566179,0.17356460516373107,0.5665987297795928,0.83496235293971
0.15620529128287824,-1.3268155070923724,1.276137340983379,1.0478510245762924,-0.29366208622782475,0.14730519451065371,0.48087532605474603,0.6500693030649359
0.22980888517640588,-1.276256493167278,1.3608074329913458,0.894086669388785,-0.37121224831911126,0.126032354607866,0.4114304985430882,0.23036242862803294
0.3019866955415618,-1.222994219730878,1.3384840106602853,0.7710536725003811,-0.44973453008117636,0.08743972535686628,0.28544551046419037,0.26214713294018
0.372406771597625,-1.1692027873144168,1.386336998256215,0.61661372328667,-0.5189320735552257,0.10827384778243865,0.3534581521618804,-0.03707696820219635
0.44028945369266526,-1.1171975451667893,1.3294034717583536,0.5335092490651907,-0.573197391026671,0.13763500182963984,0.4492799429267598,0.09892956698027758
0.5049666589900299,-1.0680952262712435,1.3447761883155098,0.42285882005506836,-0.6102600809016042,0.14731260619480857,0.4808687323960394,-0.24379727744365787
0.5666546150714327,-1.0211143190232128,1.2718537543562358,0.3940729034466116,-0.6304621110937274,0.2250500102495928,0.7346719673865261,-0.029694728982120274
0.6265837945707793,-0.9767900128601348,1.2777220965932239,0.32336546966767726,-0.6384318387763545,0.22883538343641463,0.7469650426362584,-0.33127497201582357
0.6860005528972909,-0.9334588707402992,1.2050722993318321,0.3163733702872733,-0.6443384259952981,0.26905560985092003,0.8783275059900375,-0.1233303736890523
0.74675542259925,-0.891123506806971,1.2107742225082605,0.260703558389195,-0.641572056792152,0.2686997903243731,0.8771659391668533,-0.34279742427780513
0.8100890815059648,-0.8480643429124938,1.1360078155447142,0.26639208094257405,-0.6387150575012025,0.23443219193376663,0.7652999414472467,-0.18454636150533454
0.8776071124740168,-0.8050149078735829,1.1374127320430312,0.2224065328674001,-0.6277857213991056,0.2332946034838418,0.7615863031156798,-0.3194801882142375
0.9475284517832572,-0.7616738340767389,1.136692743753818,0.17974612554782626,-0.6178880668445631,0.18200543267512315,0.594153669000824,-0.24528428013240672
1.0197858833923148,-0.7196445800037201,1.1332526702561756,0.15031019723710606,-0.5973397193154479,0.1568987861726059,0.5121934444266245,-0.3058621987152972
1.0928483402619549,-0.679009679125631,1.130702293229043,0.1190694616211973,-0.5804492406161615,0.17787942305982962,0.580684380116271,-0.2794969380291899
1.1653969864185068,-0.6409716983709897,1.044140395115611,0.14939471694805345,-0.5572728139418135,0.16353824442350606,0.5338678440418914,-0.295237629837122
1.2373068011284407,-0.6052287047035873,1.044874509656877,0.12507664634615911,-0.5357813075275063,0.18398536433995316,0.6006171225677811,-0.28960713023783796
1.308075822930737,-0.5719976102986438,1.0486894459588207,0.10388352280803327,-0.5130321624760158,0.2222439881179784,0.7255117554066325,-0.29899583008287905
1.3787433904444308,-0.5406990547634616,1.056273409358107,0.08364501486067287,-0.49121628161123143,0.20655256570187552,0.6742873712586555,-0.287329744376197
1.450537313827437,-0.5106893859971935,1.0662426753066347,0.06477473139174943,-0.4700665098621245,0.23924215285583417,0.7810019778512829,-0.28015547661782336
1.5233590891101756,-0.4819137542933939,1.077044354483427,0.04752367704194959,-0.44938866511300735,0.2180790925081202,0.7119155238478752,-0.274098049963114
1.5990481921134716,-0.4537290567999547,0.997599158132983,0.07440479094290817,-0.4281880770504103,0.198162486857691,0.6468981002066391,-0.24423454706393544
1.6745235768020497,-0.427065293696526,1.007014632216728,0.05920935415952816,-0.40780277095975115,0.20975709026109335,0.6847484877004993,-0.25349614833071576
1.7510470177192126,-0.4015665406277505,1.018311420553039,0.04396846309143958,-0.3891875727461541,0.18240668298324292,0.5954635438724301,-0.23506149049026692
1.8282612718038256,-0.37734299205086136,1.029850354564231,0.03428842859140012,-0.36703562941089984,0.18857456425482566,0.6155984883826516,-0.22813881550399517
1.905005257788207,-0.3546189022412007,1.042180773348627,0.02287193014750833,-0.34845202230643724,0.20929292851607117,0.6832332395028966,-0.2249727998330597
1.905005257788207,-0.3546189022412007,1.056214281601622,0.01343481286194946,-0.3296483438891731,0.18656613485731843,0.6090420044474258,-0.21283179551020337
2.058420164939558,-0.31318822593943896,0.9757347224133842,0.035150811572015425,-0.31218680075943883,0.21006035115776656,0.6857384777891145,-0.19903894495716434
2.058420164939558,-0.31318822593943896,0.9920199909755104,0.023575159903819462,-0.29734802992795817,0.2098374623608521,0.6850108610662562,-0.20391377923180506
2.1349971046860543,-0.2942630682266086,0.9914335984752025,0.041459262825733395,-0.27931522252391505,0.2098374623608521,0.6850108610662562,-0.14960476027652234
2.212235887719861,-0.276376013831986,1.0084114823956272,0.030456911515938552,-0.26578437850645587,0.19603924289534336,0.6399668060585981,-0.18942128878896058
2.290198912250889,-0.25916039561842,1.0254555254933913,0.022418915346249645,-0.2509639578463466,0.2221305762782283,0.7251415243662456,-0.13442626407008762
2.369237276624607,-0.24274658113494796,1.04242680442802,0.014446621970912055,-0.23736517530445825,0.19056024590602016,0.6220807126554158,-0.17735650904085987
2.446941841713094,-0.227472719737105,0.9614521595510231,0.02923858362777116,-0.22471945468461604,0.192448259758345,0.6282441020996674,-0.11646842317679228
2.52621776850377,-0.21284608484422957,0.9795921147203418,0.021516971895530184,-0.21233161594778102,0.2120157249274055,0.6921217624932612,-0.1640513369794406
2.605251045997591,-0.19904502887474057,0.996671370117054,0.014194019877712695,-0.20095182467598185,0.1777634778008269,0.5803058787714082,-0.1091307508588363
2.684240619863396,-0.1860958986327966,1.0144287029220442,0.008877595199833848,-0.18873651509565617,0.2079196334724328,0.6787501409429536,-0.14737570801384142
2.764219103803746,-0.17375045878861498,1.0326637757985357,0.002080379041872822,-0.1791845643579347,0.20355966503554201,0.6645170974254295,-0.10519554757677961
2.84212045090377,-0.16246800386645335,1.0502510309389133,-0.002014662780600036,-0.16811913380601531,0.18317436084919336,0.5979255343719075,-0.13328076117273946
2.9210420938258514,-0.1517133155778462,0.9715200612724622,0.00882345750248369,-0.1589313051528561,0.22179755170370063,0.7240543712301637,-0.09204996529278603
2.999762847024832,-0.14168915834055876,1.0101846550111198,-0.008783083922526086,-0.14941362406810668,0.2056619701252027,0.671327621113598,-0.13759413141329516
3.0780290037215674,-0.1322708198934896,1.010222759858408,0.00039401419620242696,-0.14032928301962275,0.2056619701252027,0.671380036976797,-0.0645856769933068
3.157390855511394,-0.1234941873377662,1.0304894004349088,-0.003447117771338833,-0.1320567729717961,0.22673889638516243,0.7401233066274303,-0.1275303199512277
3.235416304291172,-0.11532159069861143,0.9506470404555593,0.005746133729950859,-0.12422680949184964,0.19438773120859165,0.63457547395076,-0.053586319065951765
3.314952649241983,-0.10753670419011611,0.9714475044081979,0.0032436842699740793,-0.11565201507978948,0.213884666144614,0.698169810035464,-0.11072563784286096
3.395437239445074,-0.10016464119027804,0.9908994301530604,-0.00086331095199866,-0.10960969737366597,0.20109417046910516,0.6564685319451398,-0.04925000744167746
3.476115663645981,-0.0932046076585377,1.0095419195078936,-0.0020995225241376312,-0.10146088374874399,0.1728454821014338,0.5642109120435841,-0.09777953344163777
3.5580397378929667,-0.08661666542765485,1.028104156356963,-0.005298754705518897,-0.09593407020948538,0.20294523170075396,0.662459881237905,-0.04310889675880981
3.637820687446525,-0.08061956632486249,1.045535358512754,-0.006280815199468808,-0.08894507582734937,0.18915333843756132,0.6174415899108212,-0.0910641631817214
3.7173349806500857,-0.07498965223727536,0.9655508951284194,0.00011356493261958449,-0.0834756308492988,0.18834524595100433,0.6148038851167942,-0.03477138490369774
3.874700870217248,-0.06496335910007225,0.9855209394583158,-0.0015703776087359162,-0.07775835389289329,0.22321550391719847,0.7286249665318356,-0.08243069296101793
3.874700870217248,-0.06496335910007225,1.0060243516836929,-0.003925805857542401,-0.0733507454958787,0.19565109895920196,0.6386510113118349,-0.03131861628572378
3.9535413699645257,-0.06044165348716685,1.0273429705153394,-0.004996447893544387,-0.0681392401817146,0.2255403720577387,0.736212007941615,-0.07311170961953592
4.031239305111913,-0.05624493520594253,1.0481766397073087,-0.007388492666249603,-0.06474296705944402,0.22702311196420888,0.741050823904616,-0.02769778767378063
4.109923816009684,-0.05231407536292688,0.9703900297292712,-0.0019917074067766806,-0.06004602222735897,0.19711948814094393,0.6434439988084545,-0.06358202167348646
4.18987175803658,-0.04854627201940124,0.9914495638768164,-0.00392108076606417,-0.056744219499740095,0.22428070506741615,0.7321011745349989,-0.02298231265491821
4.270839301045879,-0.045018972811590605,1.0112819845074923,-0.004955153850219804,-0.052922397880178246,0.18749979680426687,0.6120442439809651,-0.059113155054305394
4.352908519537609,-0.04162759848131953,1.0301280246651368,-0.005891093637662499,-0.049434251584536154,0.1785221965835191,0.582740346796803,-0.016210067706349585
4.434048514866353,-0.038572774046281656,1.0478991308385237,-0.006390383408821521,-0.0458327360803292,0.20052045911691907,0.6545451507148432,-0.05630919142092438
4.51532142220691,-0.03564813257432957,0.966716863577567,-0.002938741954705735,-0.042951118988914266,0.168161898661899,0.548923168749821,-0.012282098313690842
4.5963885644429165,-0.03301140574430655,0.9853195197292173,-0.002852185345453976,-0.039081679790667984,0.19441909444015426,0.6346296099497182,-0.048914765806486536
4.67527967331635,-0.030569925937713516,1.0041458156771446,-0.004104552137151436,-0.03696834434786858,0.2148117066948101,0.7011956158855828,-0.011648858062291385
4.7544924563304285,-0.028329839092758737,1.025167762244408,-0.004162636817853177,-0.03388403470523907,0.1905598693020879,0.6220326649004168,-0.04351384347634424
4.832036663894642,-0.026246292652042712,1.0458788307496745,-0.005106372753315113,-0.03197244076512931,0.22943360222022968,0.7489172869832681,-0.008598077936860394
4.910696209572337,-0.02432743944513262,0.9683149127149542,-0.002849164091694995,-0.03005070907138427,0.20916343697755724,0.6827569681637389,-0.04050645983054758
4.9901158086504855,-0.02246316051227609,0.9895969417964158,-0.0034215276821777663,-0.028042991897075847,0.2054945574445569,0.6707811672884892,-0.005606512593372065
5.068647779550737,-0.020812805288242843,1.0101266593719436,-0.0038477972842415357,-0.026048840294719183,0.2285982297281236,0.7461911084186965,-0.03729145132879595
5.149044259996326,-0.019171150386949425,1.031551950042242,-0.0045988970023435405,-0.024635576794660802,0.18994658799159014,0.6200308457031111,-0.0033798774289691413
5.228471716854503,-0.017732568010076662,0.9511462163654807,-0.002286382890988034,-0.022560960044064354,0.2002917577596176,0.6537986437535842,-0.032970904533254984
5.309680423268334,-0.01630308160952805,0.9716848597517869,-0.0031909636507213377,-0.02153415149189683,0.20251156454418062,0.6610443428472687,-0.0033150653198379372
5.472113108101284,-0.013792707971915301,0.9904488117808478,-0.0031314165897920153,-0.019622561337107408,0.16807376770280869,0.5486354993837892,-0.02948011746881378
5.472113108101284,-0.013792707971915301,1.0083922275907684,-0.0032943104116952486,-0.01815407000382671,0.19537628998932055,0.637754003915581,-0.0008660979943072759
5.5536451094017645,-0.012697341749552405,1.0279738817808002,-0.0033763452008760434,-0.016702156356679293,0.1894434611217155,0.6183885829933955,-0.0279517250233715
5.632419400053965,-0.011657003956896755,1.046426585278296,-0.0033438285175533757,-0.015329700029927423,0.18116405078743825,0.5913636561517958,0.0017978318745470144
5.711393995140816,-0.010753013210858885,0.967648860043424,-0.0019459675850682456,-0.01405802029702144,0.22559139465232125,0.7363785165410411,-0.02542734381241813
5.866856742094797,-0.009089730977307876,0.9886615478921446,-0.002409119394831184,-0.013313259683991635,0.2007445453101674,0.6552765932613822,0.001344890504603329
5.866856742094797,-0.009089730977307876,1.0098323978729276,-0.002277807884738033,-0.012009967879780398,0.22278846286122678,0.7272313484943941,-0.022049680567728523
6.022366792611368,-0.00766587408104018,1.0331788063458087,-0.003027983168445798,-0.011728641381364008,0.23291864857200928,0.7602904872628357,0.0010791457093579872
6.1018201430948,-0.007005018491334321,0.9776588437394267,-0.0029392299156013784,-0.01084748439526187,0.23010947682562755,0.7511229555670278,-0.021045052078420723
6.1018201430948,-0.007005018491334321,0.998198425904179,-0.003464034897048236,-0.010487949618138287,0.19305691338281095,0.6301832977205343,0.001383661124346701
6.265202711013033,-0.005811184336328058,1.0163367023907264,-0.00371946301783418,-0.009963186214831415,0.16558203988086873,0.5405022194301963,-0.020613726366990315
6.265202711013033,-0.005811184336328058,1.0348062104659252,-0.0039122805776920415,-0.009396382809039067,0.19264596373214304,0.6288419118251048,0.0028298945314705897
6.427819231244844,-0.00479382782605966,1.0348102637639882,-0.002630050735702025,-0.008157283977059143,0.19264596373214304,0.6288419118251048,-0.018185931972450286
6.507723251297966,-0.004374309798798552,0.9721902968769198,-0.002110587823076587,-0.0071019228285583436,0.1994843948012861,0.6511633202217626,0.004350470010727842
6.587919483108167,-0.003957672697564032,0.992284463178455,-0.0019556931100885733,-0.006379225195587174,0.216007608241103,0.7050979731822634,-0.016338295063483457
6.666591738290808,-0.003620076668750704,0.9922850562018485,-0.0016272182982049533,-0.006048196420151114,0.216007608241103,0.7050979731822634,0.004957613197880488
6.666591738290808,-0.003620076668750704,1.0334122029064323,-0.0022269279234011373,-0.005657955390090369,0.2132827007706607,0.6962046444413572,-0.016231712081299195
6.8279103944209,-0.002978367339690659,1.0334123532891633,-0.002156013277906536,-0.005589333556413972,0.2132827007706607,0.6962046444413572,0.005715027619800532
6.909453996341818,-0.002693012524812691,0.972092053275468,-0.002027783426666553,-0.005149868253804729,0.17276276244681865,0.5639409057841822,-0.01593754363266517
6.909453996341818,-0.002693012524812691,0.9905477566640142,-0.0019440801278707894,-0.004681337427933391,0.19885747092220152,0.6491169701456745,0.006614947920375539
7.072601861975379,-0.0021637938655596775,0.990548594698664,-0.0014557541539061008,-0.004188351850791944,0.19885747092220152,0.6491169701456745,-0.014670038388705758
7.072601861975379,-0.0021637938655596775,1.0273989884177233,-0.0017130728500943323,-0.0037734743401211246,0.1833286766374207,0.5984292384666402,0.007114071076287973
7.234125596706345,-0.001715258399060836,1.0273996683625635,-0.0012399471138852015,-0.0033129662253365277,0.1833286766374207,0.5984292384666402,-0.013688880252527942
7.313462293426624,-0.0015218076630185476,0.9658749262319964,-0.0013899372586690388,-0.003214902612635767,0.1842531919198731,0.6014469603651162,0.006484422284719138
7.313462293426624,-0.0015218076630185476,0.9865383253019648,-0.001046470265277591,-0.0026033223619451318,0.2200125507866887,0.7181696604610278,-0.011588225782546627
7.469612623576061,-0.0012027831473342438,1.007283074147738,-0.0011691230093205099,-0.0024907111670042503,0.22835095255799986,0.7453841370052616,0.006015330951735488
7.469612623576061,-0.0012027831473342438,1.0303875765653576,-0.001016976340677494,-0.002154295039642401,0.207946584572531,0.6787848597100103,-0.010563012677890614
7.628120508799681,-0.0009472271712798556,1.0303872423286708,-0.0013126413924887817,-0.0024412405584558206,0.207946584572531,0.6787848597100103,0.005417451953060008
7.7083703153387715,-0.0008091445045561449,0.9718786227112571,-0.0016079091935997526,-0.0026290667288644542,0.18962898802894845,0.6189941636921032,-0.011362536451498362
7.7083703153387715,-0.0008091445045561449,0.9916290725825678,-0.0013669766610692826,-0.0021944895333161074,0.1906223711509203,0.6222366779670427,0.006240869287549478
7.868725788478456,-0.0005807207453332628,0.9916294015007726,-0.0011028578217476361,-0.0019281411564286144,0.1906223711509203,0.6222366779670427,-0.01050157820993449
7.868725788478456,-0.0005807207453332628,1.031273848459645,-0.0010421464386391047,-0.0015736523968163108,0.1882341045944559,0.6144411072245858,0.0069138233397440605
8.026468690239895,-0.0003761018204845527,1.0312741147635922,-0.0007326694586175619,-0.0012735604879567375,0.1882341045944559,0.6144411072245858,-0.009810896229055448
8.104241467703936,-0.0002953689120024899,0.9735310049132235,-0.0008573263404540254,-0.0012669630413492117,0.21942276212125822,0.7162442438832484,0.006357664598743084
8.104241467703936,-0.0002953689120024899,0.9957582325194011,-0.0008271958917223543,-0.0011273464574012293,0.21196265269061576,0.6918952386487356,-0.00898061385982633
8.259777037290771,-0.00015131591319079212,0.9957582541223863,-0.0008007685945773233,-0.001100806584574926,0.21196265269061576,0.6918952386487356,0.006088722602564281
8.259777037290771,-0.00015131591319079212,1.0402223526300083,-0.0011367202662816297,-0.001238231070440382,0.203750151793186,0.6650872309805852,-0.009532265787523928
8.417838673546267,-3.257598096008068e-05,1.0402221299661272,-0.0013249048292986924,-0.001419139106274142,0.203750151793186,0.6650872309805852,0.005890060960939009
8.49727528435336,3.259528037580049e-05,0.9821605923177107,-0.0012013079015672052,-0.0012562948144617947,0.21872823896730542,0.7139769124259795,-0.009272510018765757
8.49727528435336,3.259528037580049e-05,1.0027241605039299,-0.0010556385628871013,-0.0010202635489081346,0.18710796866807122,0.6107652728601196,0.006331292785234435
8.657523406589236,0.00013413325201013784,1.0027243084405266,-0.0009042640952269566,-0.000869300340711282,0.18710796866807122,0.6107652728601196,-0.008858627219830339
8.657523406589236,0.00013413325201013784,1.0424757988849274,-0.0012940402894330576,-0.0011126459501397679,0.19842701046695888,0.6477118987889666,0.005723451229417515
8.816611902647084,0.0002275243580737034,1.042476236548568,-0.0008729447705518084,-0.0007087081079265312,0.19842701046695888,0.6477118987889666,-0.008047494786508357
8.895735190721657,0.0002607815596582796,0.9833879086996062,-0.0006502354479329444,-0.00042985177981591516,0.22636900673101512,0.7389161981148527,0.006343012370157643
8.895735190721657,0.0002607815596582796,1.0042644944455612,-0.0008368738793276629,-0.0005736459037997688,0.19860754853722284,0.6483011953625167,-0.008267552030160717
9.0549483578289,0.0003319440093121581,1.0243949659454086,-0.0009242924216082122,-0.0005926448470734702,0.19763695232996314,0.6451330601409372,0.006288733896484787
9.0549483578289,0.0003319440093121581,1.0450509695170955,-0.001231301228541864,-0.000860586613015385,0.2113786901359731,0.6899888447425634,-0.009380794607443434
9.215015060702358,0.0003767144468385321,1.0450511301648242,-0.001086431111734306,-0.0007219616945507712,0.2113786901359731,0.6899888447425634,0.007109457592258399
9.295628338194346,0.0003983025225563032,0.9849847129087783,-0.0007667417845342128,-0.0003959729350781205,0.20727645000990802,0.6765974651012492,-0.008658830906875407
9.295628338194346,0.0003983025225563032,1.004371261863711,-0.0009808289599926435,-0.0005799910125309504,0.19563074243437406,0.6385845653244983,0.006549746616358068
9.457439199336736,0.00045539621759195335,1.0226743383625956,-0.0009011518112044152,-0.0004796970334592643,0.1718126738222151,0.560839709619585,-0.008607568376877253
9.457439199336736,0.00045539621759195335,1.0425604364840062,-0.0009832312131730007,-0.0005062870924746332,0.2092402835341698,0.6830078400836441,0.00681601939048525
9.61670733165467,0.0005040255204588422,1.042560659281009,-0.0007086500461903977,-0.00024291517997218626,0.2092402835341698,0.6830078400836441,-0.008256563851946714
9.695663592987753,0.0005061806170416226,0.9832926973365317,-0.00044387842028430544,6.116907122913351e-05,0.21081424406583105,0.6881461640091397,0.0075851491683117936
9.695663592987753,0.0005061806170416226,1.004336354213921,-0.0006018914978100714,-9.529763388396728e-05,0.2231122453022304,0.728287989404395,-0.008538044195568579
9.855178441373964,0.0005407516223140492,1.0241085426555163,-0.0010713209771859168,-0.0005147578786083851,0.18900457198680554,0.6169559994779485,0.006480103034401829
9.855178441373964,0.0005407516223140492,1.044821118718924,-0.001100754738384372,-0.0005359797717910675,0.2001600025158814,0.6533685798143419,-0.008997921223249033
10.017356992275408,0.000556332606554577,1.0448208300167365,-0.00134719901850911,-0.0007718520264912154,0.2001600025158814,0.6533685798143419,0.006359760341257928
10.098157128292206,0.0005545884200476546,0.9826427290101721,-0.0009258830612760185,-0.00037607808723003067,0.1737574778963279,0.5671877689262116,-0.008102161172648139
10.17947344464893,0.0005414220892255925,1.0018428075936066,-0.0006603279446851356,-0.00010554502198786841,0.2081580385506625,0.6794750692851674,0.0070666661976470195
10.25787223159174,0.0005631380955641487,1.0205265597236524,-0.0005331165004232233,8.138532741730486e-06,0.20072400553581138,0.6552095491269694,-0.007794917775123135
10.25787223159174,0.0005631380955641487,1.0421278797742461,-0.000291563594671723,0.0002605961505656451,0.2040902431998014,0.6661973275952189,0.007923519868039028
10.41618914088034,0.0005981221448757954,1.0421278409936436,-0.00040723214832365695,0.0001496034807308977,0.2040902431998014,0.6661973275952189,-0.008420090341033906
10.495461135623785,0.0006034469019296452,0.9838107358189802,-0.0007748284856391394,-0.00017961415014230986,0.19138473892141217,0.6247251321433805,0.006940544189615341
10.495461135623785,0.0006034469019296452,1.0045386691985962,-0.0008696408066801489,-0.0002649911700711438,0.2128671883240586,0.6948481698012569,-0.008489910691163137
10.653890915184316,0.0006189324004873075,1.0045385794290682,-0.0009677959750903399,-0.00036270286174366895,0.2128671883240586,0.6948481698012569,0.006570550233789581
10.653890915184316,0.0006189324004873075,1.0461090548892806,-0.0006676000885198979,-4.6522575347401895e-05,0.19099548755859996,0.6234545719007697,-0.007719793115208916
10.813620532368043,0.0006106378763986315,1.0461088137709527,-0.0009747625106262841,-0.00034014631740658663,0.19099548755859996,0.6234545719007697,0.0061407887819260034
10.893058031466948,0.0006168595731974142,0.9863792422734482,-0.0009041330533396477,-0.0002975479700603745,0.1951254993467032,0.6369353950418017,-0.00771594619375748
10.972893438055216,0.0006004814070128215,1.0069419987781931,-0.0005653366509976841,5.116771673521758e-05,0.2021897988527105,0.6599940634286829,0.0069760930643185635
10.972893438055216,0.0006004814070128215,1.0069420771842814,-0.0004021252989978399,0.00021325386021348036,0.2021897988527105,0.6599940634286829,-0.007154714320183159
11.12980637575748,0.0006065811119069426,1.0482425119067704,-0.0005244255038130843,9.450368999444625e-05,0.19797782671580966,0.6462457124878742,0.006717563839430198
11.20882956129384,0.000624664308256811,0.9701935918882106,-0.0006562930228457633,-5.1239165579614054e-05,0.21859878556656254,0.7135543004999628,-0.007466332780314932
11.287770799227088,0.0006148894309048247,0.9911703601430447,-0.0007388804816934332,-0.00011523364032717254,0.2150076441030203,0.7018349810381678,0.006146881641431655
11.287770799227088,0.0006148894309048247,1.0122291860263495,-0.000638704012383284,-2.3526866872292107e-05,0.19045846680799494,0.6217016757509751,-0.0070761953029081295
11.368386628950514,0.000621789549126887,1.0316130483940735,-0.001025833034962249,-0.00039166179422939207,0.21082209362032966,0.6881717895269812,0.005279073291503686
11.527979027344024,0.0006207250040271363,1.0316131224001304,-0.000948494692872978,-0.0003166934333702631,0.21082209362032966,0.6881717895269812,-0.007123789786611676
11.608476030564663,0.0006068008371779843,0.9720209460383896,-0.0006610939675677585,-4.1530959951657787e-05,0.1919180425222784,0.6264658950982132,0.006027217303317392
11.689200221901512,0.000619314683330318,0.9915238567909539,-0.0007691465750621121,-0.00016373355738008577,0.21016600963655818,0.6860299492691508,-0.007298819679020132
11.770272639312656,0.0006127452129231645,1.010799585069555,-0.0008796464311465314,-0.0002575502853040257,0.1803169079296426,0.5885984865524312,0.005773841654015318
11.770272639312656,0.0006127452129231645,1.010799849021059,-0.0004900751297844491,0.00012785870321310733,0.1803169079296426,0.5885984865524312,-0.006314231680864469
11.929351633009729,0.0006306499258056906,1.029727264476815,-0.0007573624731668005,-0.00014044228820472848,0.19436161320357614,0.6344419847263543,0.005155693909311414
12.007746263074647,0.0006445104858554724,0.9706484366952175,-0.0005122512473352744,0.00012197895561238958,0.19468454360805199,0.6354960658992306,-0.005472601251224401
12.085869101810625,0.000647305227890436,0.9922539081103717,-0.00027509232474864145,0.00037230207478805566,0.2343658636991437,0.7650133706414487,0.00550922076906758
12.085869101810625,0.000647305227890436,1.0141309368954525,-0.0005835220634366102,6.28944087291694e-05,0.21288297362038366,0.6948997022025756,-0.0061450392268860895
12.164569474217128,0.0006747515587098957,1.014130863714505,-0.0006992339514212351,-5.1205149645683345e-05,0.21288297362038366,0.6948997022025756,0.005140259182788667
12.322354060422164,0.0006997679551650081,0.9565015534050367,-0.0010476151485730438,-0.0003967269152687358,0.2249468623884916,0.7342751314542303,-0.006985432108692468
12.402703203363156,0.0007043688027849348,0.9776454072854154,-0.0012371184084314806,-0.0005496372094119517,0.184673828226408,0.6028199645951356,0.004422029504994679
12.484230012839632,0.0007220611538464849,0.9972963220116339,-0.001201174253973468,-0.000498152165742366,0.19498709179592766,0.6364836172239366,-0.006821951910465008
12.484230012839632,0.0007220611538464849,1.015769152807891,-0.0014887551928012886,-0.0007547912688183334,0.19355319263846626,0.6318032090470168,0.0038176491220349865
12.56631158412263,0.0007197404951329165,1.0157696827267566,-0.0010676334899292269,-0.00034020731947495553,0.19355319263846626,0.6318032090470168,-0.005810166864921896
12.726456110588463,0.0007245903756308697,1.033688369838578,-0.0007830746512079911,-6.127006600137319e-05,0.17258913190998793,0.5633741561768998,0.00477013452007666
12.80584903661346,0.0007350351882016986,0.9735439665666408,-0.0006122119278153975,0.00011543233382679818,0.1969013276828796,0.6427318985282555,-0.005310396343202212
12.88408366375899,0.0007297668464764032,0.9941510527911757,-0.0006020907851975048,0.00013372656842308706,0.20398478048750612,0.6658530854367531,0.00455761004388689
12.962821571221635,0.0007355619049194711,1.0159165637430212,-0.0002651670806563542,0.00045732083354532715,0.2376386120434848,0.7756937515109328,-0.0042005827749371435
12.962821571221635,0.0007355619049194711,1.0159164446112163,-0.0005589002721179384,0.00016818960257547477,0.2376386120434848,0.7756937515109328,0.0036481654049147537
13.120674463636794,0.000741478217563835,1.0371783443620608,-0.0008462628716448202,-0.00010673281284459546,0.20664389025425012,0.6745327188899378,-0.005044017508419226
13.120674463636794,0.000741478217563835,0.9793250081295479,-0.0012587355116938216,-0.0005281772019612163,0.19669709980383498,0.6420652757535209,0.0025742951128420524
13.202610845469112,0.0007393569381738388,0.9793243943045629,-0.0016693361041231437,-0.0009474463022955681,0.19669709980383498,0.6420652757535209,-0.0062102224947889586
13.284857478080566,0.0007599044209106475,0.9973884604889799,-0.001389643099381186,-0.0006519886059229429,0.1581736445348354,0.5163203835066913,0.003447213926171801
13.367568686698466,0.0007378532897081646,1.0151425267324063,-0.0007534474266650869,6.360677531291881e-06,0.19144308053620251,0.624915565738029,-0.004528232366331514
13.4485997960925,0.0007449746448956002,1.032431383473901,-0.0006320847855637749,0.00010244604081138808,0.19003554791846933,0.6203212209132616,0.0038564668914907447
13.527331677032912,0.0007297283843743061,0.9514004676886997,-0.0002303566324055931,0.0005409058422405355,0.18019478889266105,0.588199876276186,-0.003155931998124853
13.60608284864376,0.0007392818943701365,0.9726685594087014,-0.00026934164981043667,0.00047332339209688046,0.22760413610926067,0.7429469547740271,0.0033695962747105784
13.6839353815162,0.0007368652090470651,0.9939173101789764,-0.0004804418893010773,0.0002604241033292709,0.20200898883221408,0.6594038791789771,-0.0035195577082628195
13.761889971952126,0.0007561963095334849,1.016064817965891,-0.0003709405689019789,0.00036013910297894025,0.23172215953756892,0.756385830610551,0.003520614282674256
13.83920990855595,0.000754026306075656,1.0381099926487503,-0.0008033238636215777,-4.539745654141836e-05,0.23984444249296855,0.7828923219035293,-0.004724046273953439
13.91623373394462,0.0007785577881095499,0.9607898461942765,-0.0010197169776621864,-0.0002765335593792051,0.20750745438518625,0.6773514893722954,0.0027973856469850227
13.995863292773118,0.000773558333617862,0.9837656062444037,-0.0013799823746425926,-0.0006113492505697427,0.2314341363525363,0.7554458874827183,-0.005563008178681655
14.07725315875564,0.0007989903373439611,1.0041352136441806,-0.0018968164636421192,-0.001118631397690334,0.18857058798739246,0.6155394268766355,0.0014997593659882187
14.16040727651534,0.0007883949908070858,1.0227460169501834,-0.0015246223823583054,-0.0007094935694038074,0.16995177653650684,0.5547655315106115,-0.0046293624075873915
14.24387714381271,0.000790502699261282,1.0395919999279315,-0.001458072274246415,-0.0006441729325356027,0.1864618334216236,0.6086562147195019,0.0019615843296799432
14.326052626686616,0.0007695481951146436,0.9561225755448292,-0.0010777531158514886,-0.00030043258011019924,0.16053026641370816,0.5240126624614257,-0.00381208042319795
14.40772623464378,0.0007665162974022729,0.9739476247631697,-0.0003200103842016874,0.0004615626646981008,0.1725431576867723,0.5632240911397932,0.003979491925994733
14.48798096563662,0.0007453699267853324,0.992274040716695,-0.00020268499633161564,0.0005682214196852942,0.20419353224965742,0.6665344746749259,-0.003302468184951943
14.566936282522068,0.0007585627526685105,1.012019305648609,8.052715968576629e-05,0.0008160883361813254,0.18990180420343716,0.6198846663799876,0.004538943094062911
14.643916204584857,0.0007484918165193482,1.0330639948675546,4.790681177645851e-05,0.0007806579609470898,0.23531367160528027,0.7681064741628821,-0.003283334632446417
14.719717492069048,0.0007744938138175775,0.9560839359761055,-0.0005398739323361524,0.00021820040149270192,0.233770782214064,0.7630713646451672,0.0026592285104895756
14.796288475812748,0.000781874590058872,0.9802825407194384,-0.0007318173993716557,4.353481101640466e-05,0.22872497475876696,0.7466047317890745,-0.003508051083023934
14.874058208244644,0.0008017142523365211,1.0259413939413067,-0.0012078963951015166,-0.0003959115609414865,0.19709696297762647,0.6433704741410958,0.001345792610571703
14.954414026442164,0.0008052339171658339,1.0259405137519462,-0.0018069472392529733,-0.0009798153664043463,0.19709696297762647,0.6433704741410958,-0.005240483422170682
15.035415533137948,0.0008261359118745084,1.045584794223063,-0.0017648206890087499,-0.0009177506871032859,0.19400461339775477,0.6332766971943607,0.0017306422073936065
15.115515710683185,0.0008135084060384627,0.9645839429791252,-0.0013012144084593817,-0.0004925215285070672,0.20383816229400886,0.6653745071572698,-0.004182436242844984
15.19596373743855,0.0008169149551054651,0.9844842340805778,-0.0008778122470194688,-6.531728688805027e-05,0.17478114123538635,0.5705291212366377,0.002850727161180672
15.276214785125617,0.0007967439877586648,1.0040363826262488,-0.0006528791648919718,0.0001633763501950325,0.21120540612239103,0.6894231447933066,-0.0035125902619687873
15.35692393984252,0.0008070125284089602,1.0237851788346324,-0.0008417807963026008,-4.3990486163547615e-05,0.19591555183172626,0.6395142152411569,0.0023131837199444195
15.435872558194378,0.000798822104916532,1.0430762549004429,-0.0004949805396495063,0.0002991459292595866,0.19001862057721752,0.6202659681669331,-0.0026124410338012657
15.513847711494773,0.0008047888337737484,0.964127579460031,-0.0006104784581226391,0.0001953513867385681,0.2300932950428768,0.7510701474728076,0.001983496336175808
15.592116077627816,0.0008012283140143786,0.9861523204218057,-0.0007646802289259956,4.067181576383749e-05,0.19950587708618128,0.651233440816618,-0.00291661030600061
15.67025882724906,0.0008128819647934419,1.007884030894037,-0.0006505474158578124,0.00014950222582094108,0.22505494547966576,0.7346278529157773,0.0022610178004797885
15.74971773252964,0.0008063796638205723,1.0297409453497082,-0.0010625939280507573,-0.00024249976228382653,0.22317999822468915,0.7285090962359457,-0.0041017038124357965
15.828700425745765,0.000822056213944459,0.9502820441271861,-0.0010366900347139822,-0.00024235998577967766,0.19428726007084962,0.6341992877357175,0.002232516793950017
15.908170745520216,0.0008085921813563131,0.9712991152867326,-0.0012519449222391378,-0.0004425913634058809,0.21587561631832686,0.7046672691292875,-0.0045608804357251745
15.98919027694138,0.000824187664173812,0.9918285480968977,-0.0014335421990261865,-0.0006300985948094473,0.1886540167794446,0.6158117478404074,0.001736160678880068
16.070297017574966,0.0008100725227010297,1.0108095228498062,-0.0010411682358913712,-0.00021466017532581483,0.1781151345967571,0.5814116506737143,-0.003498267592298459
16.152545747274317,0.0008117822439880479,1.029702773217855,-0.0010426216785125023,-0.00022584102640857417,0.2047658177334668,0.6684024788815087,0.0018633010198910904
16.311649913170175,0.0008006781585247096,1.0474542958050699,-0.0007541505380426667,5.502073679661268e-05,0.18118512801678222,0.5914324545997579,-0.002873005580655833
16.311649913170175,0.0008006781585247096,0.9670188734516872,-0.00029056934599225185,0.0005258596470086585,0.19749613388719622,0.6446734129003647,0.003188601806702662
16.3907271796474,0.0007878116005734371,0.9883502366901701,-0.0005872448571521969,0.0002159490723034896,0.21762269877194218,0.7103681898964705,-0.0036114852677220422
16.46906244739801,0.0008040812091805432,1.009273000088114,-0.0005077821838134064,0.00027745658496119985,0.19521645069223503,0.6372322704664896,0.0033050984300813852
16.54836453787842,0.0007907492974203795,1.0309376523620688,-0.000663968191566423,0.00013590833922549894,0.23243112544548572,0.7586994903006156,-0.004073297789326347
16.62740510068141,0.0008108652045925026,0.951635109501214,-0.0011386028352543954,-0.00036553240421749456,0.21264313885865882,0.6941167418490318,0.0018154365064452064
16.70581589929325,0.0008053905020493219,0.9725947685799213,-0.0009548894638139768,-0.00014808248402212176,0.1950527645773915,0.6366979805714335,-0.0033036951037560104
16.78590924007282,0.0008115795301678659,0.9941837407185204,-0.0011680936949477478,-0.0003648250402355502,0.22187183547771283,0.7242394576218344,0.0012161073326615547
16.866273035657393,0.0008049797429805304,1.0140903474379321,-0.0012228099758806923,-0.0004055164882308948,0.18282167707280006,0.5967743348455607,-0.003483180930720484
16.94747725340919,0.0008102883260252431,1.0337269468708086,-0.000827112157837964,-2.141031027250162e-05,0.19914044247909535,0.650040621144303,0.002461133033802504
17.02844653101146,0.0007946994048134304,0.9525225130935748,-0.0010494712811545345,-0.0002511047468889416,0.20900239511425867,0.6822312337234226,-0.004182227759724841
17.108309062669115,0.0008072869600887449,0.9715533661955109,-0.0009117483089710229,-0.00012047603548770436,0.17475709990915878,0.570450647642955,0.0027024380882358294
17.189071922014858,0.0007895300903103977,0.991691000981859,-0.0007248917487135915,8.308557190739307e-05,0.2056065350887063,0.6711466749175179,-0.003567778394940636
17.26973223847542,0.0008001842153318334,1.0109279491071246,-0.0009401758130893312,-0.00014901725986574132,0.19245676838678916,0.6282243569316375,0.002072306801174924
17.35040569618288,0.0007913391344498286,1.0302678981711382,-0.00059894045913878,0.00019533149509570746,0.18279313206458825,0.5966811607271784,-0.002642322857530073
17.508166478924807,0.0007914988869174284,1.0495944073493566,-0.0006394403201844801,0.0001447214470925995,0.21874960594522164,0.7140466667903953,0.0020389532008019294
17.508166478924807,0.0007914988869174284,0.9698962261197692,-0.0006762152827657855,0.00012486726256191738,0.19928314892671073,0.6505064310451212,-0.002692995365157465
17.586449194186933,0.0008015888659883453,0.9918337349796326,-0.00044961678802908883,0.0003446970195830068,0.21713239412959318,0.7087682723241601,0.0025491331819973424
17.664878231333653,0.0007975125219130856,1.0135507848459735,-0.0008276757462624244,-2.573810843309321e-05,0.2276110778987498,0.7429696088090628,-0.0037160838367659046
17.74432822664085,0.000817023207483206,1.0351216385420956,-0.0009515330238437273,-0.00014879458242464394,0.19737277571333534,0.6442707579419426,0.002283565624573702
17.82422056004119,0.0008088943335364446,0.9556713662070075,-0.001202386949139323,-0.0004032386738488658,0.21761318234232396,0.7103371367477608,-0.00445202025640671
17.904338736692445,0.0008279395491862698,0.9757785869605381,-0.0015228216137601813,-0.0007316484967685444,0.1997433568421324,0.6520086014587197,0.001271323876995842
17.98554677395292,0.0008200186941852024,0.9956608733680116,-0.0012091232936742523,-0.00038284487759324137,0.1750101257343709,0.5712765524042303,-0.0034760075615442305
18.06724360600434,0.0008236123557125393,1.0144528807313902,-0.0011717695050064722,-0.0003467393647462458,0.20247731711043226,0.6609325553703598,0.001458503608220244
18.14915553925133,0.000812267622204557,1.032756315346939,-0.0009169445180925655,-9.037190804428441e-05,0.17533025406157976,0.5723214872816819,-0.0028699338543662876
18.22916881359599,0.0008138372428610186,0.9508447089689005,-0.00043329086279558906,0.00039856855728775953,0.18587033999839597,0.6067255136375858,0.0027712652343089366
18.30787800220496,0.0008014405350822097,0.9708313755750481,-0.000543161793267665,0.0002788079176477276,0.21987044984072723,0.7177057595197079,-0.002996505716269126
18.46419032420677,0.0008107549466124421,0.9921222071335973,-0.0004763697264315769,0.0003276520147419415,0.19260757029813103,0.6287165913368706,0.0027519543732885767
18.46419032420677,0.0008107549466124421,1.0137541950252176,-0.0004649994253723567,0.00034751835935403763,0.23260678218489805,0.7592727335450782,-0.002873386979846103
18.543233251030284,0.0008260580249883355,1.0358095392474609,-0.0009696362336207031,-0.00015338850455065556,0.2179063855445259,0.7112939001921507,0.0013477563958486697
18.621602409885575,0.0008279647413645804,0.9567666013471385,-0.0009822691010611066,-0.00016326977076192017,0.20122410456433037,0.6568419286218377,-0.002877908110192279
18.70014407366926,0.000838497258277663,0.9783972319316337,-0.001177461611280999,-0.000357213604883333,0.2296723532646765,0.7496964339934834,0.000735169761244896
18.78006248252794,0.0008366681867878077,1.0199368754507103,-0.0014176235643654992,-0.0005695991516791732,0.2000087427931596,0.6528748510612544,-0.0034975766402474853
18.860408666561042,0.0008427196933405148,1.0199372986825213,-0.0010706619118235692,-0.00022941969002837626,0.2000087427931596,0.6528748510612544,0.001825502085662412
18.942524475477793,0.0008273829716141048,1.0395908404419276,-0.0013172726046482047,-0.00045648034984979713,0.20528252776959965,0.6700890785741217,-0.004339419746038325
19.10430841225132,0.0008183058569211132,0.957475205762557,-0.0011379681911182615,-0.000324379329315283,0.17080374388863095,0.5575464488022732,0.0022532238459364536
19.10430841225132,0.0008183058569211132,0.9762045482012641,-0.0008087963072226503,3.087593550732404e-05,0.1914681173063948,0.6249972885728057,-0.0032954025413040747
19.18529818048512,0.0008212124725369298,0.9956915473319133,-0.0008660887624549357,-4.798966575833563e-05,0.1913885081609764,0.6247374353653923,0.002031961663288297
19.265251039941237,0.0008094842489495945,1.014702035675329,-0.0004855029100670184,0.00033084549292555776,0.17858574316188114,0.5829477699781633,-0.0022206465428296902
19.34538960530969,0.0008119777008047262,1.0347491765382666,-0.00045525907014883413,0.00034232954268220706,0.22149418006249977,0.7230065685553615,0.00212018378093762
19.423798859808024,0.0008073175085752173,0.9546105630260245,-0.000581306899550506,0.00024163866335066841,0.20528884721697305,0.6701097059613449,-0.0024299653879595903
19.50064834687817,0.0008180115100597023,0.9762013994884199,-0.00038145841467564044,0.00043624107067147255,0.21463571295276374,0.7006213290928519,0.002490432871453644
19.578360400957628,0.0008142060072178009,0.9993517064801443,-0.0007499969273314699,6.805870653614488e-05,0.23623107061899618,0.7711003404321043,-0.0033886690231782392
19.65660837930978,0.0008333519910418169,1.0216393629976792,-0.0010701572687193748,-0.0002505299226565616,0.20288610350222025,0.6622668801454191,0.0016065694330142492
19.736892391059722,0.0008288112113091537,1.0433911476792732,-0.0012967446285249906,-0.00044412157977369304,0.22534305575365132,0.7355680802521989,-0.004067777137934744
19.81788693321404,0.0008432916911176935,0.9631065381132053,-0.0016581828240633592,-0.0008611415950507406,0.20319226186841466,0.6632662154983359,0.000506973526147771
19.898759049464072,0.00083322057058431,1.0012402928881856,-0.0014181621153301872,-0.0005842167361413131,0.19443442610667916,0.6346796542342088,-0.0032739982362185805
19.98135062626799,0.0008308386893095858,1.0012404108057678,-0.0013323123141504402,-0.0004984732870595976,0.19443442610667916,0.6346796542342088,0.0008246976233479103
20.063588796124073,0.0008145421208699314,1.0186492089067731,-0.0010129615738665716,-0.00017878860332387614,0.16835830523660644,0.5495642619072502,-0.0024786180139154713
20.146132396445207,0.0008085526671665399,1.036411357862234,-0.0005867645005522688,0.00021977531854905363,0.17218014190915776,0.5620391667989748,0.0020790915654007778
20.2270400075734,0.0007933270967640101,0.9538678058680304,-0.0005174913442969476,0.00030513803871709544,0.20381863457226268,0.6653107664764402,-0.002245152826834641
20.305306783341152,0.0008007151142525576,0.9729602956493028,-0.00019829440578296022,0.0006115694215032552,0.18785014032822134,0.613187804660052,0.002803583240479907
20.38315204661843,0.0007910423025678821,0.9946935373137058,-5.690491436854874e-05,0.0007477783429882257,0.22521435792920297,0.7351480840784756,-0.0017161226556370744
20.460495718808136,0.0008093373037493112,1.0168481300580483,-0.0005161798696738443,0.00027030826627305604,0.22699956148035794,0.7409739685797551,0.0013871490934934975
20.53837807998642,0.0008178892258827924,1.0395043773605868,-0.0006746045233594448,0.0001296125243605839,0.21491001613542005,0.7015164103222878,-0.0021462119985835347
20.61660806516085,0.0008328377938150175,0.9616216563792115,-0.0010844242220310377,-0.0002771723745380039,0.24225271813464955,0.7907515577461893,0.00021220962053960227
20.695242762390304,0.0008392225821850875,0.9833909159481432,-0.0016424238648647745,-0.0008232591869514749,0.20463498621272103,0.6679754300780336,-0.0036390643841753565
20.77587712438699,0.0008498125143635417,1.004756545941996,-0.0014471386655038189,-0.0006050379646555526,0.19825843682356792,0.6471616554508379,0.0009171350560756696
20.858197722385313,0.0008371719975843706,1.024121778059269,-0.0017234383921049359,-0.0008530483145141599,0.2010184023683781,0.6561704935108433,-0.004496344176937255
20.941692118820484,0.000847272299431238,1.0418014977399932,-0.0015250596076552601,-0.000660286368469265,0.15707994410911286,0.5127504222655643,0.0017109697019490775
21.02414403557379,0.0008230550011449313,0.9583078920219856,-0.0008349188575260906,1.2890890368016938e-05,0.17251726224923714,0.5631395655181989,-0.0027988916673390624
21.10517422567504,0.0008204558323328324,0.9758560423782855,-0.0007247617068974255,0.00010072520312598421,0.19227534765923449,0.627632179265382,0.0019063528063263634
21.185426848295865,0.0008081710683285014,0.9948260591596041,-0.00032622998779721895,0.0004967962997879938,0.17000056139144193,0.5549247707658727,-0.0015770134199824424
21.264307338104064,0.0008078751017436477,1.014573472855865,-3.84255720526528e-05,0.0007586888498213595,0.221195924541713,0.7220328873746322,0.002622883867339703
21.342969801845115,0.0008031175832038581,1.0356928981814888,-0.00040400952805430204,0.00038994726655972034,0.2091331946271564,0.6826582395174341,-0.0025758825752643178
21.49558200847918,0.0008175239567698797,0.9570304957343664,-0.0002746136658379947,0.0005522331717296436,0.21754791369805793,0.71012415803644,0.0028966494626990443
21.49558200847918,0.0008175239567698797,1.004418155489101,-0.000582202724484493,0.00023428613783085805,0.21222279201627725,0.6927444849253224,-0.0033007641889457027
21.573047853456288,0.0008398792075578515,1.0269517707491498,-0.0012154188621204874,-0.00036568375688450505,0.23006640074304696,0.7509823798429206,0.0011345192311966233
21.651634763393904,0.0008441955133369293,1.0269514927880843,-0.0014311352660736443,-0.0005757388329823698,0.23006640074304696,0.7509823798429206,-0.003935762814273067
21.731835041377167,0.0008553301558006398,1.048364596706651,-0.001433304684823945,-0.0005619313910886492,0.2127697318340923,0.6945300150546709,0.0013424106232955862
21.81282819863012,0.0008434139220267212,0.9681640040394187,-0.0016062307390105899,-0.0007755919165057246,0.18027224267260988,0.5884526941282157,-0.004634473507500614
21.89437096023087,0.0008516744086715939,0.9871708700142231,-0.0015969227484548582,-0.0007633009211265862,0.19460979039812054,0.635252063011585,0.0014423380845959876
21.97678252617344,0.000832672726648719,1.0056286159015295,-0.0012561274828985045,-0.00040218921492696236,0.16992618340215526,0.5546819926406196,-0.0037485681518710876
22.05850562962775,0.000826292811916991,1.0232175799295196,-0.0006900804677648405,0.00013935673980114416,0.16891970037753745,0.551396718809474,0.0030948795344497063
22.140176219144344,0.0008031642278494341,1.0414945906345072,-0.00047323985990211124,0.0003389868647824257,0.20396737421237188,0.6657962693963466,-0.003316914380326642
22.219122126265308,0.0008121615378086067,0.9598240972466842,-0.00019419941849228958,0.0006344546787734606,0.18925578878977167,0.6177759993870524,0.0038370318832026858
22.372830783673777,0.0008092283239077037,0.9808782098577523,1.4659595233103156e-05,0.0008429397426102381,0.22061625306954447,0.7201404992573338,-0.0024256904555937445
22.372830783673777,0.0008092283239077037,1.0040981990782105,-0.00040721061605778223,0.00038718366616069533,0.23156165261969952,0.7558620277284884,0.0023861474210806672
22.44961711989546,0.0008119890871548484,1.0271693498969572,-0.0006168070742023956,0.0001873315842931822,0.21832688545452583,0.7126666588515209,-0.002964867690146301
22.528404606606063,0.0008285184731173557,0.9503826297100524,-0.001065489314758657,-0.000266734875808583,0.24679038955062027,0.8055601518711015,0.0010181068473434321
22.68796964804262,0.0008419877821875042,0.9715942882956582,-0.0016834067934870763,-0.0008798814374852693,0.20595462805540532,0.6722828895245133,-0.004574887405623098
22.68796964804262,0.0008419877821875042,0.9920925651791334,-0.0014959128493369478,-0.0006703659091928937,0.1897272180337184,0.6193147974794602,0.0016847107999271322
22.770734971563105,0.0008223103301526638,1.012029206439621,-0.0017399826410160746,-0.0008873205298573217,0.19842451260560712,0.6477037454884808,-0.005355908741679274
22.85400919083032,0.0008301376010479654,1.0292641707345414,-0.0015626258735432284,-0.0007192664663411563,0.1526533985878138,0.49830167965610533,0.002417231947917662
22.93764584659402,0.0007992799212910778,1.045990874601141,-0.0007431332446831885,8.317888917439009e-05,0.17108617042331198,0.5584683207871091,-0.003423273836574234
23.019687497001684,0.0007924358657346028,0.9623543160906619,-0.0005707256831958379,0.0002374949148332417,0.19089490664122244,0.6231262644701614,0.0028825039635051956
23.09913909623825,0.000772406849818153,0.9803128087140723,-0.0001689986749333274,0.0006359574836303228,0.1707435685380212,0.5573500296875898,-0.0020567869921525057
23.17797479463522,0.0007713639508590598,1.0008611974017314,9.395053670936705e-05,0.0008656119967185294,0.22031206902300193,0.7191474638868064,0.0034176954370137716
23.255740413829752,0.0007650568951892941,1.022025457818154,-0.0002810246594777898,0.0004797721414714351,0.21130959039714703,0.689763262948032,-0.003003544160160914
23.333117097440496,0.0007841547726104661,1.0442598563439787,-0.0001450826131777918,0.0005936973831132952,0.2230620751356852,0.7281242626430894,0.003674840081914521
23.409806944588272,0.0007792175349320901,0.9668830639598456,-0.0005502619566486194,0.0002419039520508981,0.25409188119915793,0.8294003054719723,-0.003890252990034744
23.486619349184068,0.0008067944333632294,0.9901926559207066,-0.001182508466864075,-0.00040728523140654005,0.21467242789658492,0.7007411339625425,0.0016075497700424994
23.565999952391184,0.000809177800689686,1.0133798412833683,-0.0015138183099981089,-0.000697688602783797,0.22582025156099506,0.7371253747446281,-0.004698403950508414
23.647675014658343,0.0008215772035455297,1.0339984370553084,-0.0019963443912861638,-0.001148130880162218,0.20041474430763317,0.6542000856834361,0.0005513661722765862
23.73079925920438,0.0008113622760923072,0.9523236612066377,-0.0017880159606544286,-0.0010148209496999017,0.15649135094656974,0.5108291879607655,-0.004430741307992779
23.815685388205452,0.0008076640237702275,0.9692000512578791,-0.001412412560595568,-0.0006201506599711193,0.1752553821822499,0.5720770970437595,0.0016385843473087519
23.898262951224,0.000782073779466945,0.9843144939681961,-0.0009403603364314762,-0.00013481088141167885,0.16811735451284526,0.5487777716356735,-0.003097737770573379
23.980865825947088,0.0007725487583231554,1.001737324114176,-0.00024496205944979,0.0005361802620659495,0.15779819743307144,0.5150948819252086,0.003520834220469889
24.13782149425179,0.0007612407720448821,1.0191344630005523,8.876187568513608e-05,0.0008451394159571801,0.2065622377085542,0.6742661957941173,-0.0021074992976393677
24.13782149425179,0.0007612407720448821,1.0399077347177204,0.00019571208701611213,0.0009088458398692212,0.19795361958999247,0.6461666977056802,0.0036849455833484175
24.21433494513855,0.0007571377622796676,0.9621787698134864,0.0002670797309370238,0.0010687416709581898,0.239149978829598,0.7806259892545071,-0.001435064306976656
24.288591780358814,0.0007748223791591032,0.9856653271617848,-0.00019095462139570124,0.0005744172874107001,0.25842176056522403,0.8435213609960812,0.001968701849506931
24.36484230159424,0.0007875261657687666,1.0114081589871164,-0.0008503186259132139,-7.46446860097616e-05,0.2345638689501196,0.7656595466599126,-0.003217797908409851
24.44150616569148,0.0008108924427781042,1.0351570168961466,-0.0014251795813190872,-0.0006159965831997738,0.25411039071633523,0.8294606706456167,0.0004975266684411258
24.52168277642748,0.0008169533432561762,0.9584918063651581,-0.0021319204625233202,-0.0013782344349433095,0.2025279925354314,0.6610979656590129,-0.005377484787216688
24.605019493392472,0.0008312650063786187,0.9783154151274089,-0.0020508231266337254,-0.001261217456375252,0.18030920983590548,0.5885733591083661,0.0009711676322479119
24.68906597432193,0.0008106604535831606,1.0109321986285937,-0.0020859578121194527,-0.0012615050136152994,0.134859055745725,0.44021894258885924,-0.005600943202783752
24.775511533206597,0.0008096667638494896,1.0109329432071106,-0.00168694476650347,-0.0008668070368020309,0.134859055745725,0.44021894258885924,0.002283356950603377
24.85944780388861,0.0007767702836129105,1.0244884659446054,-0.0008107400550642163,-1.0476362106159876e-06,0.1338761979502151,0.43701078416358313,-0.003419321111274673
24.941636033278936,0.0007684017742039321,1.040552484854158,4.9680418554211085e-05,0.0007942422755384815,0.17905987610701057,0.5844953932554751,0.0046258298562061265
25.02068653361901,0.0007433786826169137,0.9583640129734718,0.0007083699595439593,0.0015409296020935104,0.17900941823185046,0.584330693073968,-0.0007874177865546416
25.094750163898755,0.00075266478383926,0.979313218135562,0.0010192310757180904,0.0017998419979139146,0.2467407275655794,0.8053979731473463,0.004917373314243435
25.16819568561124,0.0007546663935080834,1.0052499659103613,0.0005527414191256614,0.001298588558141689,0.25632374294715876,0.8366790864728121,-0.0017444274908903414
25.23981176105129,0.0007901333184460851,1.031804556196061,-0.00026556669604476773,0.0004740236343007964,0.27231332941909103,0.8888405933086972,0.002030260253070978
25.31303616159244,0.0008103920500241344,0.9869636258094475,-0.0010374914605272504,-0.00023009904225756994,0.23956854868827704,0.7819919621435943,-0.0037222778028750125
25.38979402275936,0.0008412983702472524,0.9869623190340997,-0.0019120319802899421,-0.0011161915168269032,0.23956854868827704,0.7819919621435943,-0.00048809201197426845
25.4688439105639,0.0008515590251981703,1.0102028726340506,-0.002642036633281798,-0.0017825479098739494,0.23079477123617886,0.7533593650132575,-0.005602959189384954
25.551869465709313,0.0008663202901304047,1.0311531041762552,-0.0026232959409969543,-0.001718206450715215,0.18781508046350615,0.6130733653170617,9.13171470871475e-06
25.634988211157623,0.0008423897327194621,1.0481287940849697,-0.0020972442195726993,-0.001174400296093392,0.150151534113089,0.49013531252735676,-0.004447480433201006
25.720057008617193,0.0008283008656106803,0.9650109393016331,-0.001532727441261086,-0.0007153674089272755,0.16873285941992322,0.550786848902458,0.0014329048846403597
25.80534742445545,0.0007944754301266624,0.9799428688372305,-0.0009624228100719568,-0.00013686709718579992,0.14747218979418475,0.48138963121905726,-0.0029348959294929664
25.88712478690271,0.0007791782757175298,0.9946528830738903,-0.00013936072705510288,0.0006586365875093092,0.14676416875973175,0.4790785709035876,0.003692604766003216
26.04446419926272,0.0007560571101886362,1.0128754596693685,0.00032806284171684423,0.0010931661255807745,0.20272557039578254,0.6617428820245427,-0.0015589459532357045
26.04446419926272,0.0007560571101886362,1.0318104362992115,0.0006605467525627927,0.0013677207947262737,0.20143030328555667,0.6575149844471918,0.00446759555163618
26.11892956405724,0.0007521031571045361,0.95553589045083,0.0006325925454941707,0.0014532677321159315,0.25460399071096873,0.8310704505821063,-0.001000179088892752
26.192847228175296,0.0007764957320010191,0.9810707182908133,0.00010794640935050578,0.0008766438739843396,0.261220625539727,0.8526493122316711,0.002421357204002468
26.266037442042137,0.0007940266455442987,1.007152776259255,-0.0007707224404378057,5.732289789589506e-06,0.2549748435603545,0.8322799146883108,-0.003435398005769881
26.42145530120395,0.0008343377440599045,1.0339616166497507,-0.0016053137128235898,-0.0007846390458782215,0.2688355253260343,0.8775205576543512,0.0002491053975306032
26.42145530120395,0.0008343377440599045,0.9570836322133591,-0.002324678342432227,-0.00156645053457663,0.21057280688316027,0.6873579724203001,-0.005639283648097229
26.50419569941634,0.0008507238240732915,0.9785419547091139,-0.002463033777577063,-0.0016644083230634432,0.19323772511307935,0.6307734875511289,0.00025283866993377726
26.590942063795932,0.000831048484153622,0.9958013364033562,-0.0025743366579299375,-0.0017308772093502511,0.17007692794241835,0.555174039780215,-0.006126411593892942
26.67736903254693,0.0008278425615840655,1.009056161705851,-0.0020668288400270433,-0.0012246881409678778,0.12032291438885134,0.3927681008664735,0.0019886482992350954
26.765396037942555,0.000782160616663856,1.0226306889678363,-0.0011202225107881617,-0.0002859095766984121,0.12406513281392939,0.404984881455849,-0.004002151005109232
26.849726115660296,0.0007613819051060694,1.0346042375981275,-0.00020402007904541682,0.0005588036261120755,0.15355101521846704,0.5012316013288578,0.004602692743312335
26.931337325252937,0.0007231764050386031,0.9502740330844183,0.000544982522650121,0.0013747237941666712,0.1457435613649397,0.4757471935390703,-0.0013882723942911434
27.00959254551389,0.000722353858168798,0.9686621110605323,0.0012708375183774583,0.0020585223849765855,0.21961425688138636,0.7168693952422338,0.006198539867825398
27.08303809140037,0.000712837095199835,0.9904072020906673,0.0010108133800113485,0.001749953525566228,0.2395013779005959,0.7817727550673833,-0.001459121306034348
27.15550466278259,0.0007439163568033426,1.0169619114547146,0.0007087522175805184,0.0013978783937469708,0.27420565597156277,0.8950049878455929,0.004484215478143477
27.22545448639318,0.0007607307979085662,1.044495600640708,5.588078090501478e-05,0.0007657257713614141,0.30052712972345375,0.9810732171258149,-0.003183279724095437
27.297202681793515,0.0008018164208885874,0.9745453170571167,-0.000980716356528643,-0.00022573145820098395,0.2788746213945057,0.9102527597291543,0.0014209681986828218
27.37247229984893,0.0008221200165312991,1.0027958408532207,-0.0018989152628367974,-0.0010940391649860992,0.2895002549121205,0.9451289297110136,-0.005583328165471833
27.45025223544985,0.000854232036702477,1.027524242509939,-0.002789536420705708,-0.0019147115090058786,0.2286861906951715,0.7464781627628978,-0.0003270041558552431
27.534391877707073,0.0008509178233128716,1.0497430215745682,-0.0032691812289817224,-0.0023005084310714075,0.18753865606320452,0.6121710849741658,-0.0070188175291772585
27.621123685911225,0.0008530612389196784,0.9656036494769916,-0.0030597411541111023,-0.0022874988646190697,0.1602475429224559,0.5230898211769298,0.00035851421609115136
27.711058156658815,0.0008071354836100101,0.9788735966870178,-0.0024592085163794,-0.0016408090821741494,0.10229522858875384,0.3339152342144174,-0.005900123520695431
27.80257242599642,0.0007734732881904642,0.988941154811363,-0.0014189077191971537,-0.0006186131501701997,0.0814534028917594,0.2658817024239631,0.0034720963812954753
27.89130296603248,0.0007058732041633902,0.9974277850053055,-0.00042112112991612695,0.0003532608547470173,0.10959246202713879,0.3577376544207796,-0.0035901995227816536
28.06091252734144,0.0006317370507999835,1.0086971838982484,0.0004424789178129765,0.0011384507676070188,0.1101652811809084,0.3596076697764038,0.005777985552059322
28.06091252734144,0.0006317370507999835,1.0210203000567015,0.00126062760092848,0.0018943962112731305,0.13629697314274714,0.4449124667519499,-0.0006983404214464813
28.13828923952014,0.0006295764596723813,1.039085875443622,0.0019283104573420563,0.002463746554648455,0.21220244125022325,0.6926780481716605,0.007203971798910517
28.27984533649071,0.0006578822771044452,0.9617091819443879,0.0018527150688592813,0.0025811213616497852,0.23523903762505716,0.7678629114899485,0.001041207638488242
28.27984533649071,0.0006578822771044452,0.9885796845397742,0.0012926971959915236,0.0019392600600702248,0.31342082470557564,1.001487702534151,0.004058488072788324
28.34823634591885,0.0006948145194541472,1.020154818256577,0.0003421647810606028,0.000980289497272857,0.301406348849793,0.9839813377369356,-0.0016292105920275189
28.41607796103856,0.0007462616198035441,0.9517635695154809,-0.000802334264965099,-0.00011296896000620449,0.3341872750104401,1.0000000001615352,0.00022142712146007998
28.4869084186321,0.0007812172964314249,0.9839205479446367,-0.0018684198578578148,-0.001140495813928999,0.29724199621605263,0.9703414388207373,-0.0044264099152050195
28.56271492966643,0.0008176375219908359,1.0130881812498036,-0.00273853079946962,-0.0019320229431851466,0.27057704048906306,0.883189081012934,-0.0017114187956993568
28.642267144126986,0.0008264670621301366,1.037279643643778,-0.003453483788214373,-0.0025411064114903292,0.24212791330088246,0.7903442660699778,-0.006122383629272598
28.81608671063698,0.0008076671355579482,0.9577268034862116,-0.0035037338040783943,-0.0027954282257276197,0.1578051408008273,0.5151175458587582,-0.0018729178007377907
28.81608671063698,0.0008076671355579482,0.971606663751479,-0.0028423272510538886,-0.0020647034085566063,0.11562760654145454,0.37743988127704103,-0.00448307927396442
28.906124965399112,0.0007726753257718371,0.983911836932735,-0.0018736208290522525,-0.0010833824357555089,0.12187000923671931,0.3978187195531589,0.0008560233937402308
28.99663503120953,0.0007124411846356094,0.9938749257793812,-0.0009018520400161706,-0.00012997280003745892,0.09329625474952874,0.304539358233419,-0.0022880023471031703
29.08352515286119,0.0006749542335396855,0.9164750950531976,3.389038110886186e-05,0.0007734467406826928,0.15506177122300568,0.5061628789019093,0.003378061825057254
